signal,entry,sl,tp,rr,setup,open_ts,mode,score,h1_trend,outcome,exit_price,exit_ts,pnl_pct,pnl_usdt,balance,held_min
BUY,87338.6,87138.5228,87734.5,1.98,setup_E_bb_mean_reversion,2025-12-25T08:20:00+00:00,SIDEWAY,4,SIDEWAY,TP,87734.5,2025-12-25T15:00:00+00:00,2.266,2.27,10002.27,400.0
SELL,88035.7,88223.3714,87702.07,1.78,setup_E_bb_mean_reversion,2025-12-25T15:35:00+00:00,SIDEWAY,4,SIDEWAY,SL,88223.3714,2025-12-25T15:40:00+00:00,-1.066,-1.07,10001.2,5.0
BUY,87357.5,87134.185,87829.915,2.12,setup_E_bb_mean_reversion,2025-12-25T22:45:00+00:00,SIDEWAY,3,SIDEWAY,SL,87134.185,2025-12-25T23:30:00+00:00,-1.278,-1.28,9999.92,45.0
BUY,87062.6,86827.4748,87616.31,2.35,setup_E_bb_mean_reversion,2025-12-25T23:35:00+00:00,SIDEWAY,4,SIDEWAY,SL,86827.4748,2025-12-26T00:40:00+00:00,-1.35,-1.35,9998.57,65.0
SELL,88619.1,88877.2382,87376.795,4.81,setup_E_bb_mean_reversion,2025-12-26T02:15:00+00:00,SIDEWAY,4,SIDEWAY,SL,88877.2382,2025-12-26T02:20:00+00:00,-1.456,-1.46,9997.12,5.0
SELL,89000.0,89474.1,87583.905,2.99,setup_E_bb_mean_reversion,2025-12-26T02:25:00+00:00,SIDEWAY,4,SIDEWAY,SL,89474.1,2025-12-26T07:20:00+00:00,-2.663,-2.66,9994.45,295.0
BUY,88523.9,88334.8522,88850.42,1.73,setup_E_bb_mean_reversion,2025-12-26T14:35:00+00:00,SIDEWAY,4,SIDEWAY,SL,88334.8522,2025-12-26T14:40:00+00:00,-1.068,-1.07,9993.39,5.0
BUY,87966.1,87699.0678,88796.65,3.11,setup_E_bb_mean_reversion,2025-12-26T14:45:00+00:00,SIDEWAY,4,SIDEWAY,SL,87699.0678,2025-12-26T14:50:00+00:00,-1.518,-1.52,9991.87,5.0
BUY,87344.4,87127.8112,88660.91,6.08,setup_E_bb_mean_reversion,2025-12-26T14:55:00+00:00,SIDEWAY,4,SIDEWAY,SL,87127.8112,2025-12-26T15:00:00+00:00,-1.24,-1.24,9990.63,5.0
BUY,87038.1,86730.9238,88497.54,4.75,setup_E_bb_mean_reversion,2025-12-26T15:05:00+00:00,SIDEWAY,4,SIDEWAY,SL,86730.9238,2025-12-26T15:10:00+00:00,-1.765,-1.76,9988.87,5.0
SELL,88319.4,88511.1388,87883.105,2.28,setup_E_bb_mean_reversion,2025-12-29T00:45:00+00:00,SIDEWAY,4,SIDEWAY,TP,87883.105,2025-12-29T01:15:00+00:00,2.47,2.47,9991.33,30.0
SELL,88841.5,89077.683,88188.215,2.77,setup_E_bb_mean_reversion,2025-12-29T02:00:00+00:00,SIDEWAY,4,SIDEWAY,SL,89077.683,2025-12-29T02:05:00+00:00,-1.329,-1.33,9990.01,5.0
SELL,89240.1,89448.4802,88297.355,4.52,setup_E_bb_mean_reversion,2025-12-29T02:10:00+00:00,SIDEWAY,4,SIDEWAY,SL,89448.4802,2025-12-29T03:10:00+00:00,-1.168,-1.17,9988.84,60.0
SELL,89893.2,90080.7864,89213.93,3.62,setup_E_bb_mean_reversion,2025-12-29T03:35:00+00:00,SIDEWAY,4,SIDEWAY,SL,90080.7864,2025-12-29T03:55:00+00:00,-1.043,-1.04,9987.8,20.0
BUY,88664.9,88409.0702,89513.38,3.32,setup_E_bb_mean_reversion,2025-12-29T09:30:00+00:00,SIDEWAY,4,SIDEWAY,SL,88409.0702,2025-12-29T09:35:00+00:00,-1.443,-1.44,9986.36,5.0
BUY,88194.0,87955.412,89396.18,5.04,setup_E_bb_mean_reversion,2025-12-29T09:40:00+00:00,SIDEWAY,4,SIDEWAY,SL,87955.412,2025-12-29T09:45:00+00:00,-1.353,-1.35,9985.01,5.0
BUY,87943.3,87539.7134,89239.505,3.21,setup_E_bb_mean_reversion,2025-12-29T09:50:00+00:00,SIDEWAY,4,SIDEWAY,SL,87539.7134,2025-12-29T11:45:00+00:00,-2.295,-2.29,9982.71,115.0
SELL,87929.6,88174.6592,87364.25,2.31,setup_E_bb_mean_reversion,2025-12-29T14:30:00+00:00,SIDEWAY,3,SIDEWAY,TP,87364.25,2025-12-29T14:55:00+00:00,3.215,3.21,9985.92,25.0
SELL,88057.6,88366.7152,87509.69,1.77,setup_E_bb_mean_reversion,2025-12-30T08:15:00+00:00,SIDEWAY,4,SIDEWAY,SL,88366.7152,2025-12-30T14:20:00+00:00,-1.755,-1.75,9984.17,365.0
SELL,88296.4,88476.5928,88022.475,1.52,setup_E_bb_mean_reversion,2025-12-30T14:45:00+00:00,SIDEWAY,4,SIDEWAY,SL,88476.5928,2025-12-30T14:50:00+00:00,-1.02,-1.02,9983.15,5.0
SELL,88831.4,89153.9628,88112.155,2.23,setup_E_bb_mean_reversion,2025-12-30T14:55:00+00:00,SIDEWAY,4,SIDEWAY,SL,89153.9628,2025-12-30T16:15:00+00:00,-1.816,-1.81,9981.34,80.0
BUY,87432.7,87175.6346,87910.125,1.86,setup_E_bb_mean_reversion,2025-12-31T16:40:00+00:00,SIDEWAY,4,SIDEWAY,TP,87910.125,2025-12-31T18:10:00+00:00,2.73,2.73,9984.07,90.0
SELL,88397.5,88590.795,87999.825,2.06,setup_E_bb_mean_reversion,2026-01-01T17:35:00+00:00,SIDEWAY,4,SIDEWAY,SL,88590.795,2026-01-01T22:05:00+00:00,-1.093,-1.09,9982.97,270.0
SELL,88926.7,89122.8534,88538.01,1.98,setup_E_bb_mean_reversion,2026-01-02T03:10:00+00:00,SIDEWAY,4,SIDEWAY,TP,88538.01,2026-01-02T05:30:00+00:00,2.185,2.18,9985.16,140.0
SELL,89445.1,89646.8902,89111.5,1.65,setup_E_bb_mean_reversion,2026-01-02T09:45:00+00:00,SIDEWAY,4,SIDEWAY,SL,89646.8902,2026-01-02T10:05:00+00:00,-1.128,-1.13,9984.03,20.0
SELL,89805.3,89989.4106,89241.045,3.06,setup_E_bb_mean_reversion,2026-01-02T10:10:00+00:00,SIDEWAY,4,SIDEWAY,TP,89241.045,2026-01-02T14:10:00+00:00,3.142,3.14,9987.17,240.0
BUY,88801.1,88512.3978,89376.385,1.99,setup_E_bb_mean_reversion,2026-01-02T14:15:00+00:00,SIDEWAY,4,SIDEWAY,SL,88512.3978,2026-01-02T14:30:00+00:00,-1.626,-1.62,9985.54,15.0
BUY,89974.8,89491.563,90699.6555,1.5,bullish_engulfing,2026-01-02T16:20:00+00:00,VOLATILE_RANGE,6,VOLATILE_RANGE,TP,90699.6555,2026-01-02T16:30:00+00:00,4.028,4.02,9989.56,10.0
SELL,90260.3,90738.2508,89543.3739,1.5,bearish_engulfing,2026-01-02T18:05:00+00:00,VOLATILE_RANGE,3,VOLATILE_RANGE,TP,89543.3739,2026-01-02T18:50:00+00:00,3.971,3.97,9993.53,45.0
BUY,89375.6,89187.2488,89863.22,2.59,setup_E_bb_mean_reversion,2026-01-03T07:25:00+00:00,SIDEWAY,4,SIDEWAY,TP,89863.22,2026-01-03T09:30:00+00:00,2.728,2.73,9996.26,125.0
SELL,91372.7,91631.7454,90652.935,2.78,setup_E_bb_mean_reversion,2026-01-04T00:10:00+00:00,SIDEWAY,4,SIDEWAY,SL,91631.7454,2026-01-04T06:05:00+00:00,-1.418,-1.42,9994.84,355.0
BUY,91647.6,91291.381,92181.9285,1.5,bullish_pinbar,2026-01-04T06:15:00+00:00,UPTREND,5,UPTREND,SL,91291.381,2026-01-04T06:40:00+00:00,-1.943,-1.94,9992.9,25.0
BUY,91866.3,91425.4343,92527.5986,1.5,bullish_engulfing,2026-01-05T00:10:00+00:00,UPTREND,6,UPTREND,TP,92527.5986,2026-01-05T01:05:00+00:00,3.599,3.6,9996.49,55.0
BUY,92907.9,92369.6302,93715.3046,1.5,bullish_pinbar,2026-01-05T01:10:00+00:00,UPTREND,6,UPTREND,SL,92369.6302,2026-01-05T04:30:00+00:00,-2.897,-2.9,9993.6,200.0
BUY,92581.8,92278.6455,93036.5318,1.5,bullish_pinbar,2026-01-05T07:15:00+00:00,UPTREND,3,UPTREND,TP,93036.5318,2026-01-05T10:50:00+00:00,2.456,2.45,9996.05,215.0
BUY,93415.4,92870.4615,94232.8077,1.5,bullish_engulfing,2026-01-05T14:50:00+00:00,UPTREND,6,UPTREND,TP,94232.8077,2026-01-05T17:55:00+00:00,4.375,4.37,10000.43,185.0
BUY,94362.9,93978.2927,94939.8109,1.5,bullish_pinbar,2026-01-05T20:10:00+00:00,UPTREND,4,UPTREND,SL,93978.2927,2026-01-05T21:10:00+00:00,-2.038,-2.04,9998.39,60.0
BUY,93736.0,93464.46,94143.31,1.5,bullish_pinbar,2026-01-06T01:55:00+00:00,UPTREND,3,UPTREND,SL,93464.46,2026-01-06T07:20:00+00:00,-1.448,-1.45,9996.94,325.0
BUY,93359.9,93045.3003,93831.7996,1.5,bullish_pinbar,2026-01-06T07:25:00+00:00,UPTREND,4,UPTREND,TP,93831.7996,2026-01-06T11:45:00+00:00,2.527,2.53,9999.47,260.0
BUY,93884.6,93524.1885,94425.2173,1.5,bullish_engulfing,2026-01-06T12:05:00+00:00,UPTREND,3,UPTREND,SL,93524.1885,2026-01-06T14:55:00+00:00,-1.919,-1.92,9997.55,170.0
BUY,92575.9,92183.0602,93165.1596,1.5,bullish_engulfing,2026-01-06T16:50:00+00:00,UPTREND,4,UPTREND,SL,92183.0602,2026-01-06T17:40:00+00:00,-2.122,-2.12,9995.43,50.0
BUY,92987.8,92648.8305,93496.2543,1.5,bullish_pinbar,2026-01-07T00:50:00+00:00,VOLATILE_RANGE,4,UPTREND,SL,92648.8305,2026-01-07T00:55:00+00:00,-1.823,-1.82,9993.6,5.0
BUY,92559.8,92170.5005,93143.7493,1.5,bullish_engulfing,2026-01-07T01:35:00+00:00,VOLATILE_RANGE,4,UPTREND,SL,92170.5005,2026-01-07T09:15:00+00:00,-2.103,-2.1,9991.5,460.0
BUY,91908.7,91716.1826,92660.895,3.91,setup_E_bb_mean_reversion,2026-01-07T09:20:00+00:00,SIDEWAY,4,SIDEWAY,SL,91716.1826,2026-01-07T09:40:00+00:00,-1.047,-1.05,9990.46,20.0
BUY,91470.3,91273.2594,91935.095,2.36,setup_E_bb_mean_reversion,2026-01-07T14:15:00+00:00,SIDEWAY,4,SIDEWAY,TP,91935.095,2026-01-07T14:40:00+00:00,2.541,2.54,9993.0,25.0
BUY,91125.0,90804.75,91722.905,1.87,setup_E_bb_mean_reversion,2026-01-07T15:15:00+00:00,SIDEWAY,4,SIDEWAY,TP,91722.905,2026-01-07T16:20:00+00:00,3.281,3.28,9996.27,65.0
BUY,90888.0,90658.224,91301.28,1.8,setup_E_bb_mean_reversion,2026-01-08T02:35:00+00:00,SIDEWAY,4,SIDEWAY,SL,90658.224,2026-01-08T03:45:00+00:00,-1.264,-1.26,9995.01,70.0
BUY,90287.2,90030.4256,90886.99,2.34,setup_E_bb_mean_reversion,2026-01-08T06:15:00+00:00,SIDEWAY,4,SIDEWAY,SL,90030.4256,2026-01-08T06:55:00+00:00,-1.422,-1.42,9993.59,40.0
BUY,89390.0,89132.02,89834.455,1.72,setup_E_bb_mean_reversion,2026-01-08T14:40:00+00:00,SIDEWAY,4,SIDEWAY,TP,89834.455,2026-01-08T14:45:00+00:00,2.486,2.48,9996.07,5.0
BUY,90520.0,90235.46,90969.18,1.58,setup_E_bb_mean_reversion,2026-01-09T08:00:00+00:00,SIDEWAY,4,SIDEWAY,SL,90235.46,2026-01-09T08:45:00+00:00,-1.572,-1.57,9994.5,45.0
BUY,89680.0,89453.44,90655.605,4.31,setup_E_bb_mean_reversion,2026-01-09T08:50:00+00:00,SIDEWAY,4,SIDEWAY,TP,90655.605,2026-01-09T13:20:00+00:00,5.439,5.44,9999.94,270.0
BUY,90395.7,90186.0086,90741.71,1.65,setup_E_bb_mean_reversion,2026-01-11T20:15:00+00:00,SIDEWAY,3,SIDEWAY,TP,90741.71,2026-01-11T21:50:00+00:00,1.914,1.91,10001.85,95.0
SELL,91590.1,91855.7802,90945.35,2.43,setup_E_bb_mean_reversion,2026-01-12T01:00:00+00:00,SIDEWAY,4,SIDEWAY,SL,91855.7802,2026-01-12T02:15:00+00:00,-1.45,-1.45,10000.4,75.0
SELL,92163.7,92362.0274,91557.95,3.05,setup_E_bb_mean_reversion,2026-01-12T02:45:00+00:00,SIDEWAY,4,SIDEWAY,SL,92362.0274,2026-01-12T02:50:00+00:00,-1.076,-1.08,9999.33,5.0
BUY,91367.9,91159.2642,91768.54,1.92,setup_E_bb_mean_reversion,2026-01-12T07:50:00+00:00,SIDEWAY,4,SIDEWAY,SL,91159.2642,2026-01-12T08:30:00+00:00,-1.142,-1.14,9998.18,40.0
BUY,90736.0,90378.228,91519.4,2.19,setup_E_bb_mean_reversion,2026-01-12T08:35:00+00:00,SIDEWAY,4,SIDEWAY,SL,90378.228,2026-01-12T08:45:00+00:00,-1.971,-1.97,9996.21,10.0
SELL,91180.0,91377.36,90677.395,2.55,setup_E_bb_mean_reversion,2026-01-12T15:15:00+00:00,SIDEWAY,4,SIDEWAY,SL,91377.36,2026-01-12T15:20:00+00:00,-1.082,-1.08,9995.13,5.0
SELL,92170.3,92369.6406,91370.645,4.01,setup_E_bb_mean_reversion,2026-01-12T16:25:00+00:00,SIDEWAY,4,SIDEWAY,TP,91370.645,2026-01-12T17:30:00+00:00,4.338,4.34,9999.47,65.0
BUY,90919.1,90688.1618,91388.6,2.03,setup_E_bb_mean_reversion,2026-01-12T21:50:00+00:00,SIDEWAY,3,SIDEWAY,TP,91388.6,2026-01-12T22:10:00+00:00,2.582,2.58,10002.05,20.0
SELL,91711.4,91902.6228,91404.61,1.6,setup_E_bb_mean_reversion,2026-01-13T05:10:00+00:00,SIDEWAY,4,SIDEWAY,SL,91902.6228,2026-01-13T05:15:00+00:00,-1.043,-1.04,10001.01,5.0
SELL,92141.8,92404.2836,91483.495,2.51,setup_E_bb_mean_reversion,2026-01-13T05:20:00+00:00,SIDEWAY,4,SIDEWAY,SL,92404.2836,2026-01-13T09:15:00+00:00,-1.424,-1.42,9999.58,235.0
SELL,92684.8,92985.3696,92115.81,1.89,setup_E_bb_mean_reversion,2026-01-13T14:35:00+00:00,SIDEWAY,4,SIDEWAY,TP,92115.81,2026-01-13T15:00:00+00:00,3.069,3.07,10002.65,25.0
SELL,93088.0,93285.176,92514.065,2.91,setup_E_bb_mean_reversion,2026-01-13T15:50:00+00:00,SIDEWAY,4,SIDEWAY,SL,93285.176,2026-01-13T15:55:00+00:00,-1.059,-1.06,10001.59,5.0
SELL,93535.8,93852.9716,92647.28,2.8,setup_E_bb_mean_reversion,2026-01-13T16:00:00+00:00,SIDEWAY,4,SIDEWAY,SL,93852.9716,2026-01-13T19:30:00+00:00,-1.695,-1.7,9999.9,210.0
SELL,93986.7,94233.7734,93594.395,1.59,setup_E_bb_mean_reversion,2026-01-13T19:35:00+00:00,SIDEWAY,3,SIDEWAY,SL,94233.7734,2026-01-13T20:00:00+00:00,-1.314,-1.31,9998.58,25.0
BUY,95389.0,94830.4275,96226.8588,1.5,bullish_pinbar,2026-01-13T22:35:00+00:00,UPTREND,5,UPTREND,SL,94830.4275,2026-01-14T06:00:00+00:00,-2.928,-2.93,9995.65,445.0
BUY,96843.5,96456.1913,97424.4631,1.5,bullish_pinbar,2026-01-14T15:15:00+00:00,UPTREND,6,UPTREND,SL,96456.1913,2026-01-14T15:35:00+00:00,-2.0,-2.0,9993.65,20.0
BUY,97410.2,96701.4745,98473.2882,1.5,bullish_engulfing,2026-01-14T16:35:00+00:00,UPTREND,3,UPTREND,SL,96701.4745,2026-01-14T17:35:00+00:00,-3.638,-3.64,9990.02,60.0
BUY,97081.7,96757.2958,97568.3064,1.5,bullish_pinbar,2026-01-15T14:10:00+00:00,UPTREND,5,UPTREND,SL,96757.2958,2026-01-15T14:20:00+00:00,-1.671,-1.67,9988.35,10.0
BUY,95835.5,95409.8112,96474.0331,1.5,bullish_engulfing,2026-01-15T19:15:00+00:00,VOLATILE_RANGE,3,UPTREND,SL,95409.8112,2026-01-15T19:25:00+00:00,-2.221,-2.22,9986.13,10.0
BUY,95649.9,95376.1753,96060.4871,1.5,bullish_engulfing,2026-01-16T06:40:00+00:00,UPTREND,3,UPTREND,SL,95376.1753,2026-01-16T10:30:00+00:00,-1.431,-1.43,9984.7,230.0
BUY,95669.7,95062.2257,96580.9114,1.5,bullish_engulfing,2026-01-16T14:25:00+00:00,UPTREND,6,UPTREND,SL,95062.2257,2026-01-16T15:00:00+00:00,-3.175,-3.17,9981.53,35.0
BUY,94521.8,94160.9564,95248.21,2.01,setup_E_bb_mean_reversion,2026-01-16T15:30:00+00:00,SIDEWAY,4,SIDEWAY,TP,95248.21,2026-01-16T20:50:00+00:00,3.843,3.84,9985.37,320.0
SELL,95517.1,95718.4342,95006.39,2.54,setup_E_bb_mean_reversion,2026-01-16T20:55:00+00:00,SIDEWAY,4,SIDEWAY,TP,95006.39,2026-01-17T07:45:00+00:00,2.673,2.67,9988.04,650.0
BUY,94974.0,94757.252,95374.65,1.85,setup_E_bb_mean_reversion,2026-01-18T23:00:00+00:00,SIDEWAY,4,SIDEWAY,SL,94757.252,2026-01-18T23:20:00+00:00,-1.141,-1.14,9986.9,20.0
BUY,94561.1,94317.2778,95270.465,2.91,setup_E_bb_mean_reversion,2026-01-18T23:25:00+00:00,SIDEWAY,4,SIDEWAY,SL,94317.2778,2026-01-18T23:45:00+00:00,-1.289,-1.29,9985.61,20.0
BUY,93685.4,93484.8292,94965.665,6.38,setup_E_bb_mean_reversion,2026-01-18T23:50:00+00:00,SIDEWAY,4,SIDEWAY,SL,93484.8292,2026-01-19T00:00:00+00:00,-1.07,-1.07,9984.54,10.0
BUY,92827.3,92422.8454,94620.455,4.43,setup_E_bb_mean_reversion,2026-01-19T00:05:00+00:00,SIDEWAY,4,SIDEWAY,SL,92422.8454,2026-01-19T00:10:00+00:00,-2.179,-2.18,9982.37,5.0
SELL,93148.6,93378.4972,92664.95,2.1,setup_E_bb_mean_reversion,2026-01-19T08:20:00+00:00,SIDEWAY,4,SIDEWAY,TP,92664.95,2026-01-19T14:35:00+00:00,2.596,2.59,9984.96,375.0
SELL,92615.8,92909.1395,92175.7908,1.5,bearish_pinbar,2026-01-19T23:40:00+00:00,DOWNTREND,4,DOWNTREND,TP,92175.7908,2026-01-20T04:20:00+00:00,2.375,2.37,9987.33,280.0
SELL,91552.6,92025.5815,90843.1278,1.5,bearish_pinbar,2026-01-20T05:05:00+00:00,DOWNTREND,6,DOWNTREND,TP,90843.1278,2026-01-20T06:20:00+00:00,3.875,3.87,9991.2,75.0
SELL,90855.8,91201.1395,90337.7908,1.5,bearish_pinbar,2026-01-20T07:00:00+00:00,DOWNTREND,3,DOWNTREND,SL,91201.1395,2026-01-20T07:45:00+00:00,-1.9,-1.9,9989.3,45.0
SELL,90777.6,91262.944,90049.584,1.5,bearish_engulfing,2026-01-20T14:30:00+00:00,DOWNTREND,3,DOWNTREND,SL,91262.944,2026-01-20T14:35:00+00:00,-2.673,-2.67,9986.63,5.0
SELL,90428.5,90926.0712,89682.1431,1.5,bearish_pinbar,2026-01-20T14:50:00+00:00,DOWNTREND,6,DOWNTREND,SL,90926.0712,2026-01-20T16:15:00+00:00,-2.751,-2.75,9983.88,85.0
SELL,89702.9,90093.0572,89117.6641,1.5,bearish_engulfing,2026-01-20T18:25:00+00:00,DOWNTREND,3,DOWNTREND,TP,89117.6641,2026-01-20T22:30:00+00:00,3.262,3.26,9987.14,245.0
SELL,88400.0,88860.3,87709.55,1.5,bearish_engulfing,2026-01-20T22:45:00+00:00,DOWNTREND,5,DOWNTREND,SL,88860.3,2026-01-21T00:35:00+00:00,-2.604,-2.6,9984.54,110.0
SELL,89535.7,89845.5393,89070.9411,1.5,bearish_pinbar,2026-01-21T04:45:00+00:00,DOWNTREND,3,DOWNTREND,SL,89845.5393,2026-01-21T05:35:00+00:00,-1.73,-1.73,9982.81,50.0
SELL,89582.8,89868.657,89154.0145,1.5,bearish_pinbar,2026-01-21T07:20:00+00:00,DOWNTREND,3,DOWNTREND,TP,89154.0145,2026-01-21T07:35:00+00:00,2.393,2.39,9985.2,15.0
SELL,89863.9,90378.2598,89092.3604,1.5,bearish_pinbar,2026-01-21T19:35:00+00:00,VOLATILE_RANGE,4,DOWNTREND,SL,90378.2598,2026-01-21T19:45:00+00:00,-2.862,-2.86,9982.34,10.0
SELL,90058.7,90402.3467,89543.2299,1.5,bearish_engulfing,2026-01-21T21:00:00+00:00,VOLATILE_RANGE,3,DOWNTREND,TP,89543.2299,2026-01-21T23:40:00+00:00,2.862,2.86,9985.2,160.0
SELL,89613.2,89924.133,89146.8005,1.5,bearish_pinbar,2026-01-22T13:45:00+00:00,DOWNTREND,6,DOWNTREND,TP,89146.8005,2026-01-22T14:35:00+00:00,2.602,2.6,9987.8,50.0
SELL,89055.0,89574.9375,88275.0938,1.5,bearish_engulfing,2026-01-22T14:55:00+00:00,DOWNTREND,6,DOWNTREND,SL,89574.9375,2026-01-22T17:55:00+00:00,-2.919,-2.92,9984.88,180.0
SELL,89222.1,89559.4552,88716.0671,1.5,bearish_engulfing,2026-01-22T21:55:00+00:00,DOWNTREND,3,DOWNTREND,SL,89559.4552,2026-01-23T00:15:00+00:00,-1.891,-1.89,9983.0,140.0
SELL,89764.6,90042.6115,89347.5828,1.5,bearish_pinbar,2026-01-23T02:05:00+00:00,DOWNTREND,4,DOWNTREND,SL,90042.6115,2026-01-23T04:10:00+00:00,-1.549,-1.55,9981.45,125.0
SELL,90945.1,91150.2902,90010.43,4.56,setup_E_bb_mean_reversion,2026-01-23T17:25:00+00:00,SIDEWAY,4,SIDEWAY,SL,91150.2902,2026-01-23T17:35:00+00:00,-1.128,-1.13,9980.32,10.0
BUY,88268.0,88043.464,88610.84,1.53,setup_E_bb_mean_reversion,2026-01-25T08:50:00+00:00,SIDEWAY,4,SIDEWAY,TP,88610.84,2026-01-25T10:55:00+00:00,1.942,1.94,9982.26,125.0
BUY,88024.7,87723.9506,88572.39,1.82,setup_E_bb_mean_reversion,2026-01-25T16:05:00+00:00,SIDEWAY,4,SIDEWAY,SL,87723.9506,2026-01-25T16:15:00+00:00,-1.708,-1.71,9980.56,10.0
BUY,87297.7,87114.4046,87802.625,2.75,setup_E_bb_mean_reversion,2026-01-25T18:30:00+00:00,SIDEWAY,4,SIDEWAY,SL,87114.4046,2026-01-25T18:40:00+00:00,-1.05,-1.05,9979.51,10.0
BUY,86692.5,86326.615,87447.75,2.06,setup_E_bb_mean_reversion,2026-01-25T19:20:00+00:00,SIDEWAY,4,SIDEWAY,SL,86326.615,2026-01-25T19:30:00+00:00,-2.11,-2.11,9977.4,10.0
SELL,87239.7,87644.0992,86633.1011,1.5,bearish_pinbar,2026-01-26T01:10:00+00:00,DOWNTREND,4,DOWNTREND,SL,87644.0992,2026-01-26T01:20:00+00:00,-2.318,-2.31,9975.09,10.0
SELL,87625.5,87918.0638,87186.6544,1.5,bearish_pinbar,2026-01-26T01:30:00+00:00,DOWNTREND,3,DOWNTREND,SL,87918.0638,2026-01-26T02:30:00+00:00,-1.669,-1.67,9973.43,60.0
SELL,87710.2,87988.8755,87292.1867,1.5,bearish_pinbar,2026-01-26T05:00:00+00:00,DOWNTREND,3,DOWNTREND,SL,87988.8755,2026-01-26T06:50:00+00:00,-1.589,-1.58,9971.84,110.0
SELL,87800.1,88073.2002,87390.4496,1.5,bearish_pinbar,2026-01-26T09:05:00+00:00,DOWNTREND,4,DOWNTREND,SL,88073.2002,2026-01-26T14:35:00+00:00,-1.555,-1.55,9970.29,330.0
SELL,88673.4,88991.2468,87958.235,2.25,setup_E_bb_mean_reversion,2026-01-26T15:10:00+00:00,SIDEWAY,4,SIDEWAY,TP,87958.235,2026-01-26T15:40:00+00:00,4.033,4.02,9974.31,30.0
SELL,88596.3,88814.5926,88159.195,2.0,setup_E_bb_mean_reversion,2026-01-26T23:35:00+00:00,SIDEWAY,3,SIDEWAY,TP,88159.195,2026-01-27T00:05:00+00:00,2.467,2.46,9976.77,30.0
SELL,89542.6,89733.6852,89075.095,2.45,setup_E_bb_mean_reversion,2026-01-28T09:55:00+00:00,SIDEWAY,4,SIDEWAY,SL,89733.6852,2026-01-28T11:45:00+00:00,-1.067,-1.06,9975.71,110.0
SELL,90016.1,90268.0322,89451.83,2.24,setup_E_bb_mean_reversion,2026-01-28T11:50:00+00:00,SIDEWAY,4,SIDEWAY,SL,90268.0322,2026-01-28T13:10:00+00:00,-1.399,-1.4,9974.31,80.0
BUY,88594.4,88410.4112,88965.015,2.01,setup_E_bb_mean_reversion,2026-01-29T01:45:00+00:00,SIDEWAY,4,SIDEWAY,SL,88410.4112,2026-01-29T02:00:00+00:00,-1.038,-1.04,9973.27,15.0
BUY,88109.6,87911.4808,88656.79,2.76,setup_E_bb_mean_reversion,2026-01-29T02:40:00+00:00,SIDEWAY,4,SIDEWAY,SL,87911.4808,2026-01-29T02:45:00+00:00,-1.124,-1.12,9972.15,5.0
BUY,87750.3,87502.4994,88530.795,3.15,setup_E_bb_mean_reversion,2026-01-29T02:50:00+00:00,SIDEWAY,4,SIDEWAY,SL,87502.4994,2026-01-29T14:35:00+00:00,-1.412,-1.41,9970.75,705.0
BUY,87423.0,87206.954,87912.78,2.27,setup_E_bb_mean_reversion,2026-01-29T14:50:00+00:00,SIDEWAY,4,SIDEWAY,SL,87206.954,2026-01-29T14:55:00+00:00,-1.236,-1.23,9969.51,5.0
BUY,85039.6,84706.701,85538.9485,1.5,bullish_pinbar,2026-01-29T17:30:00+00:00,VOLATILE_RANGE,3,VOLATILE_RANGE,SL,84706.701,2026-01-29T17:40:00+00:00,-1.957,-1.95,9967.56,10.0
SELL,83517.1,84008.7927,82779.5609,1.5,bearish_engulfing,2026-01-29T19:20:00+00:00,DOWNTREND,4,DOWNTREND,SL,84008.7927,2026-01-29T19:30:00+00:00,-2.944,-2.93,9964.63,10.0
SELL,84031.3,84381.4783,83506.0326,1.5,bearish_pinbar,2026-01-29T19:35:00+00:00,DOWNTREND,3,DOWNTREND,SL,84381.4783,2026-01-29T21:05:00+00:00,-2.084,-2.08,9962.55,90.0
SELL,84321.3,84608.3032,83890.7951,1.5,bearish_pinbar,2026-01-30T00:35:00+00:00,DOWNTREND,4,DOWNTREND,TP,83890.7951,2026-01-30T01:15:00+00:00,2.553,2.54,9965.09,40.0
SELL,83941.3,84181.2532,83581.3701,1.5,bearish_pinbar,2026-01-31T06:15:00+00:00,DOWNTREND,6,DOWNTREND,TP,83581.3701,2026-01-31T07:30:00+00:00,2.144,2.14,9967.23,75.0
SELL,83433.1,83740.9827,82971.2759,1.5,bearish_pinbar,2026-01-31T08:05:00+00:00,DOWNTREND,6,DOWNTREND,TP,82971.2759,2026-01-31T08:30:00+00:00,2.768,2.76,9969.99,25.0
SELL,83031.1,83396.9777,82482.2834,1.5,bearish_pinbar,2026-01-31T08:55:00+00:00,DOWNTREND,4,DOWNTREND,TP,82482.2834,2026-01-31T13:30:00+00:00,3.305,3.29,9973.28,275.0
SELL,82505.5,82895.5638,81920.4044,1.5,bearish_pinbar,2026-01-31T13:35:00+00:00,DOWNTREND,6,DOWNTREND,SL,82895.5638,2026-01-31T14:05:00+00:00,-2.364,-2.36,9970.93,30.0
SELL,80300.0,80707.65,79688.525,1.5,bearish_pinbar,2026-01-31T17:00:00+00:00,DOWNTREND,6,DOWNTREND,TP,79688.525,2026-01-31T17:05:00+00:00,3.807,3.8,9974.72,5.0
SELL,78555.0,79183.44,77455.235,1.75,bearish_engulfing,2026-01-31T17:30:00+00:00,DOWNTREND,3,DOWNTREND,SL,79183.44,2026-01-31T17:35:00+00:00,-4.0,-3.99,9970.73,5.0
SELL,77870.4,78387.676,77094.486,1.5,bearish_engulfing,2026-01-31T19:00:00+00:00,DOWNTREND,3,DOWNTREND,SL,78387.676,2026-01-31T19:10:00+00:00,-3.321,-3.31,9967.42,10.0
SELL,77660.1,78281.3808,76700.0246,1.55,bearish_pinbar,2026-01-31T20:20:00+00:00,DOWNTREND,3,DOWNTREND,SL,78281.3808,2026-01-31T21:55:00+00:00,-4.0,-3.99,9963.44,95.0
SELL,78971.6,79275.129,78516.3065,1.5,bearish_pinbar,2026-02-01T00:50:00+00:00,DOWNTREND,3,DOWNTREND,TP,78516.3065,2026-02-01T01:10:00+00:00,2.883,2.87,9966.31,20.0
SELL,78815.2,79107.238,78377.143,1.5,bearish_engulfing,2026-02-01T05:30:00+00:00,DOWNTREND,5,DOWNTREND,TP,78377.143,2026-02-01T06:35:00+00:00,2.779,2.77,9969.08,65.0
SELL,78381.3,78635.0533,78000.6701,1.5,bearish_pinbar,2026-02-01T11:25:00+00:00,DOWNTREND,3,DOWNTREND,SL,78635.0533,2026-02-01T11:35:00+00:00,-1.619,-1.61,9967.46,10.0
SELL,77118.4,77735.3472,76160.956,1.55,bearish_engulfing,2026-02-01T16:00:00+00:00,DOWNTREND,3,DOWNTREND,SL,77735.3472,2026-02-01T16:25:00+00:00,-4.0,-3.99,9963.48,25.0
SELL,77492.0,77920.43,76849.355,1.5,bearish_engulfing,2026-02-01T16:35:00+00:00,DOWNTREND,3,DOWNTREND,SL,77920.43,2026-02-01T18:00:00+00:00,-2.764,-2.75,9960.72,85.0
SELL,77771.2,78268.328,77025.508,1.5,bearish_engulfing,2026-02-01T19:00:00+00:00,VOLATILE_RANGE,3,DOWNTREND,TP,77025.508,2026-02-01T19:55:00+00:00,4.794,4.78,9965.5,55.0
SELL,75484.4,76075.911,74597.1335,1.5,bearish_engulfing,2026-02-02T04:10:00+00:00,DOWNTREND,3,DOWNTREND,SL,76075.911,2026-02-02T04:20:00+00:00,-3.918,-3.9,9961.59,10.0
SELL,77796.8,78105.692,77333.462,1.5,bearish_engulfing,2026-02-02T11:40:00+00:00,VOLATILE_RANGE,4,DOWNTREND,SL,78105.692,2026-02-02T12:25:00+00:00,-1.985,-1.98,9959.62,45.0
SELL,77570.0,78190.56,76632.4625,1.51,bearish_engulfing,2026-02-03T14:50:00+00:00,VOLATILE_RANGE,6,DOWNTREND,TP,76632.4625,2026-02-03T16:25:00+00:00,6.043,6.02,9965.63,95.0
SELL,74346.6,74941.3728,73377.0503,1.63,bearish_engulfing,2026-02-03T18:20:00+00:00,DOWNTREND,6,DOWNTREND,TP,73377.0503,2026-02-03T18:45:00+00:00,6.52,6.5,9972.13,25.0
SELL,73111.7,73661.6793,72286.7311,1.5,bearish_pinbar,2026-02-03T18:55:00+00:00,DOWNTREND,3,DOWNTREND,SL,73661.6793,2026-02-03T19:10:00+00:00,-3.761,-3.75,9968.38,15.0
SELL,75908.3,76229.8708,75425.9439,1.5,bearish_pinbar,2026-02-03T22:35:00+00:00,DOWNTREND,3,DOWNTREND,TP,75425.9439,2026-02-03T22:45:00+00:00,3.177,3.17,9971.55,10.0
SELL,76348.8,76688.072,75839.892,1.5,bearish_engulfing,2026-02-04T05:15:00+00:00,DOWNTREND,3,DOWNTREND,SL,76688.072,2026-02-04T06:35:00+00:00,-2.222,-2.22,9969.33,80.0
SELL,75730.0,76104.525,75168.2125,1.5,bearish_engulfing,2026-02-04T13:30:00+00:00,VOLATILE_RANGE,6,DOWNTREND,TP,75168.2125,2026-02-04T13:45:00+00:00,3.709,3.7,9973.03,15.0
SELL,74838.4,75385.796,74017.306,1.5,bearish_engulfing,2026-02-04T13:55:00+00:00,DOWNTREND,6,DOWNTREND,SL,75385.796,2026-02-04T14:15:00+00:00,-3.657,-3.65,9969.38,20.0
SELL,75264.0,75732.16,74561.76,1.5,bearish_engulfing,2026-02-04T14:20:00+00:00,DOWNTREND,3,DOWNTREND,SL,75732.16,2026-02-04T14:35:00+00:00,-3.11,-3.1,9966.28,15.0
SELL,73868.3,74360.5707,73129.8939,1.5,bearish_engulfing,2026-02-04T16:00:00+00:00,DOWNTREND,4,DOWNTREND,TP,73129.8939,2026-02-04T16:35:00+00:00,4.998,4.98,9971.26,35.0
SELL,73609.1,74030.2228,72977.4159,1.5,bearish_pinbar,2026-02-04T16:55:00+00:00,DOWNTREND,3,DOWNTREND,TP,72977.4159,2026-02-04T17:10:00+00:00,4.291,4.28,9975.54,15.0
SELL,72270.7,72848.8656,71266.9349,1.74,bearish_engulfing,2026-02-04T17:35:00+00:00,DOWNTREND,4,DOWNTREND,SL,72848.8656,2026-02-04T17:45:00+00:00,-4.0,-3.99,9971.55,10.0
SELL,72559.8,73111.3995,71732.4008,1.5,bearish_pinbar,2026-02-04T18:05:00+00:00,DOWNTREND,3,DOWNTREND,SL,73111.3995,2026-02-04T18:10:00+00:00,-3.801,-3.79,9967.76,5.0
SELL,72837.8,73187.2945,72313.5583,1.5,bearish_engulfing,2026-02-05T01:35:00+00:00,DOWNTREND,3,DOWNTREND,TP,72313.5583,2026-02-05T01:40:00+00:00,3.599,3.59,9971.35,5.0
SELL,71555.4,71994.9885,70896.0172,1.5,bearish_pinbar,2026-02-05T03:00:00+00:00,DOWNTREND,5,DOWNTREND,TP,70896.0172,2026-02-05T04:05:00+00:00,4.607,4.59,9975.94,65.0
SELL,70917.4,71484.7392,69924.5574,1.75,bearish_engulfing,2026-02-05T04:10:00+00:00,DOWNTREND,4,DOWNTREND,SL,71484.7392,2026-02-05T07:00:00+00:00,-4.0,-3.99,9971.95,170.0
SELL,71023.7,71350.6593,70533.2611,1.5,bearish_engulfing,2026-02-05T07:45:00+00:00,DOWNTREND,3,DOWNTREND,SL,71350.6593,2026-02-05T08:25:00+00:00,-2.302,-2.3,9969.66,40.0
SELL,71315.5,71689.2888,70754.8169,1.5,bearish_pinbar,2026-02-05T08:30:00+00:00,DOWNTREND,3,DOWNTREND,SL,71689.2888,2026-02-05T09:05:00+00:00,-2.621,-2.61,9967.05,35.0
SELL,71569.9,71958.0248,70987.7129,1.5,bearish_engulfing,2026-02-05T09:30:00+00:00,DOWNTREND,3,DOWNTREND,TP,70987.7129,2026-02-05T10:50:00+00:00,4.067,4.05,9971.1,80.0
SELL,70030.6,70503.6765,69320.9853,1.5,bearish_pinbar,2026-02-05T11:25:00+00:00,DOWNTREND,6,DOWNTREND,SL,70503.6765,2026-02-05T11:35:00+00:00,-3.378,-3.37,9967.73,10.0
SELL,70208.3,70723.9207,69434.8689,1.5,bearish_engulfing,2026-02-05T11:50:00+00:00,DOWNTREND,3,DOWNTREND,TP,69434.8689,2026-02-05T12:15:00+00:00,5.508,5.49,9973.22,25.0
SELL,69340.5,69895.224,68463.3731,1.58,bearish_pinbar,2026-02-05T12:50:00+00:00,DOWNTREND,3,DOWNTREND,SL,69895.224,2026-02-05T14:00:00+00:00,-4.0,-3.99,9969.23,70.0
SELL,66933.6,67469.0688,65996.5336,1.75,bearish_pinbar,2026-02-05T15:30:00+00:00,DOWNTREND,4,DOWNTREND,SL,67469.0688,2026-02-05T15:35:00+00:00,-4.0,-3.99,9965.24,5.0
SELL,67651.6,68192.8128,66704.4816,1.75,bearish_pinbar,2026-02-05T15:50:00+00:00,DOWNTREND,3,DOWNTREND,SL,68192.8128,2026-02-05T16:25:00+00:00,-4.0,-3.99,9961.26,35.0
SELL,66213.8,66684.2345,65508.1483,1.5,bearish_pinbar,2026-02-05T18:00:00+00:00,DOWNTREND,3,DOWNTREND,TP,65508.1483,2026-02-05T18:20:00+00:00,5.329,5.31,9966.57,20.0
SELL,66116.9,66645.8352,65191.2669,1.75,bearish_pinbar,2026-02-05T19:05:00+00:00,DOWNTREND,3,DOWNTREND,TP,65191.2669,2026-02-05T19:50:00+00:00,7.0,6.98,9973.54,45.0
SELL,65237.4,65573.7935,64732.8098,1.5,bearish_pinbar,2026-02-05T19:55:00+00:00,DOWNTREND,4,DOWNTREND,SL,65573.7935,2026-02-05T20:05:00+00:00,-2.578,-2.57,9970.97,10.0
SELL,65021.1,65541.2688,64110.8011,1.75,bearish_engulfing,2026-02-05T20:10:00+00:00,DOWNTREND,4,DOWNTREND,TP,64110.8011,2026-02-05T20:15:00+00:00,7.0,6.98,9977.95,5.0
SELL,63640.6,64149.7248,62749.6306,1.75,bearish_pinbar,2026-02-05T20:40:00+00:00,DOWNTREND,6,DOWNTREND,TP,62749.6306,2026-02-05T20:50:00+00:00,7.0,6.98,9984.94,10.0
SELL,63490.0,63997.92,62296.79,2.35,bearish_engulfing,2026-02-05T21:30:00+00:00,DOWNTREND,3,DOWNTREND,SL,63997.92,2026-02-05T21:40:00+00:00,-4.0,-3.99,9980.94,10.0
SELL,63634.2,64143.2736,62856.0217,1.53,bearish_pinbar,2026-02-05T21:45:00+00:00,DOWNTREND,3,DOWNTREND,TP,62856.0217,2026-02-05T22:05:00+00:00,6.114,6.1,9987.04,20.0
SELL,63920.1,64431.4608,62857.6496,2.08,bearish_engulfing,2026-02-05T23:30:00+00:00,DOWNTREND,4,DOWNTREND,TP,62857.6496,2026-02-05T23:50:00+00:00,8.311,8.3,9995.34,20.0
SELL,60003.9,60483.9312,59163.8439,1.75,bearish_pinbar,2026-02-06T00:15:00+00:00,DOWNTREND,4,DOWNTREND,SL,60483.9312,2026-02-06T00:20:00+00:00,-4.0,-4.0,9991.35,5.0
SELL,64846.0,65321.615,64132.5775,1.5,bearish_pinbar,2026-02-06T08:20:00+00:00,DOWNTREND,3,DOWNTREND,SL,65321.615,2026-02-06T09:15:00+00:00,-3.667,-3.66,9987.68,55.0
SELL,66330.1,66563.9253,65979.3621,1.5,bearish_pinbar,2026-02-06T12:45:00+00:00,VOLATILE_RANGE,3,DOWNTREND,SL,66563.9253,2026-02-06T12:55:00+00:00,-1.763,-1.76,9985.92,10.0
SELL,69066.1,69505.6653,68406.7521,1.5,bearish_engulfing,2026-02-07T13:30:00+00:00,VOLATILE_RANGE,3,DOWNTREND,TP,68406.7521,2026-02-07T14:35:00+00:00,4.773,4.77,9990.69,65.0
SELL,69286.9,69841.1952,68366.0241,1.66,bearish_pinbar,2026-02-07T16:15:00+00:00,VOLATILE_RANGE,3,DOWNTREND,SL,69841.1952,2026-02-08T08:00:00+00:00,-4.0,-4.0,9986.69,945.0
SELL,70712.1,71073.4802,70170.0296,1.5,bearish_engulfing,2026-02-08T12:40:00+00:00,VOLATILE_RANGE,3,VOLATILE_RANGE,SL,71073.4802,2026-02-08T12:45:00+00:00,-2.555,-2.55,9984.14,5.0
SELL,71045.6,71442.214,70450.679,1.5,bearish_engulfing,2026-02-08T13:00:00+00:00,VOLATILE_RANGE,4,VOLATILE_RANGE,SL,71442.214,2026-02-08T13:25:00+00:00,-2.791,-2.79,9981.35,25.0
SELL,70550.0,70853.875,70094.1875,1.5,bearish_engulfing,2026-02-08T17:10:00+00:00,VOLATILE_RANGE,4,VOLATILE_RANGE,SL,70853.875,2026-02-08T18:00:00+00:00,-2.154,-2.15,9979.2,50.0
SELL,69832.2,70166.1805,69331.2292,1.5,bearish_pinbar,2026-02-09T08:55:00+00:00,VOLATILE_RANGE,3,VOLATILE_RANGE,TP,69331.2292,2026-02-09T10:05:00+00:00,3.587,3.58,9982.78,70.0
BUY,68872.8,68595.818,69288.273,1.5,bullish_engulfing,2026-02-09T11:35:00+00:00,VOLATILE_RANGE,3,VOLATILE_RANGE,SL,68595.818,2026-02-09T13:55:00+00:00,-2.011,-2.01,9980.78,140.0
SELL,68490.9,68930.6272,67831.3091,1.5,bearish_engulfing,2026-02-09T14:05:00+00:00,VOLATILE_RANGE,5,VOLATILE_RANGE,SL,68930.6272,2026-02-09T14:25:00+00:00,-3.21,-3.2,9977.57,20.0
BUY,69309.9,68755.4208,70798.7901,2.69,bullish_engulfing,2026-02-09T14:35:00+00:00,VOLATILE_RANGE,4,VOLATILE_RANGE,TP,70798.7901,2026-02-09T17:40:00+00:00,10.741,10.72,9988.29,185.0
BUY,70379.9,70030.4502,70904.0746,1.5,bullish_engulfing,2026-02-09T18:55:00+00:00,VOLATILE_RANGE,3,VOLATILE_RANGE,TP,70904.0746,2026-02-09T19:40:00+00:00,3.724,3.72,9992.01,45.0
SELL,70334.2,70565.7355,69986.8967,1.5,bearish_pinbar,2026-02-09T22:55:00+00:00,VOLATILE_RANGE,3,VOLATILE_RANGE,TP,69986.8967,2026-02-10T00:05:00+00:00,2.469,2.47,9994.48,70.0
BUY,69936.2,69618.4595,70412.8108,1.5,bullish_engulfing,2026-02-10T01:00:00+00:00,VOLATILE_RANGE,3,VOLATILE_RANGE,TP,70412.8108,2026-02-10T01:25:00+00:00,3.407,3.41,9997.88,25.0
SELL,69175.0,69426.7375,68797.3937,1.5,bearish_pinbar,2026-02-10T06:30:00+00:00,VOLATILE_RANGE,3,VOLATILE_RANGE,TP,68797.3937,2026-02-10T06:45:00+00:00,2.729,2.73,10000.61,15.0
BUY,68906.1,68652.7348,69286.1479,1.5,bullish_pinbar,2026-02-10T07:35:00+00:00,VOLATILE_RANGE,3,VOLATILE_RANGE,TP,69286.1479,2026-02-10T09:00:00+00:00,2.758,2.76,10003.37,85.0
BUY,69281.7,69025.7958,69665.5564,1.5,bullish_pinbar,2026-02-10T09:05:00+00:00,VOLATILE_RANGE,3,VOLATILE_RANGE,SL,69025.7958,2026-02-10T09:45:00+00:00,-1.847,-1.85,10001.52,40.0
BUY,68663.3,68234.7418,69306.1374,1.5,bullish_pinbar,2026-02-10T11:45:00+00:00,VOLATILE_RANGE,6,VOLATILE_RANGE,TP,69306.1374,2026-02-10T14:15:00+00:00,4.681,4.68,10006.2,150.0
BUY,69642.0,69084.864,70921.6575,2.3,bullish_engulfing,2026-02-10T16:10:00+00:00,VOLATILE_RANGE,5,VOLATILE_RANGE,SL,69084.864,2026-02-10T18:25:00+00:00,-4.0,-4.0,10002.2,135.0
SELL,69113.1,69415.0828,68660.1259,1.5,bearish_engulfing,2026-02-11T01:05:00+00:00,VOLATILE_RANGE,4,VOLATILE_RANGE,TP,68660.1259,2026-02-11T02:45:00+00:00,3.277,3.28,10005.48,100.0
BUY,67160.1,66882.0997,67577.1004,1.5,bullish_engulfing,2026-02-11T07:50:00+00:00,VOLATILE_RANGE,3,VOLATILE_RANGE,SL,66882.0997,2026-02-11T08:05:00+00:00,-2.07,-2.07,10003.41,15.0
SELL,66962.0,67214.005,66583.9925,1.5,bearish_pinbar,2026-02-11T08:20:00+00:00,DOWNTREND,3,DOWNTREND,TP,66583.9925,2026-02-11T10:35:00+00:00,2.823,2.82,10006.23,135.0
SELL,66636.5,66861.5912,66298.8631,1.5,bearish_pinbar,2026-02-11T11:10:00+00:00,DOWNTREND,4,DOWNTREND,SL,66861.5912,2026-02-11T11:20:00+00:00,-1.689,-1.69,10004.54,10.0
SELL,67974.3,68235.7358,67582.1464,1.5,bearish_pinbar,2026-02-11T14:25:00+00:00,DOWNTREND,4,DOWNTREND,TP,67582.1464,2026-02-11T14:35:00+00:00,2.885,2.89,10007.43,10.0
SELL,66141.2,66670.3296,65303.0705,1.58,bearish_pinbar,2026-02-11T15:20:00+00:00,DOWNTREND,4,DOWNTREND,SL,66670.3296,2026-02-11T15:40:00+00:00,-4.0,-4.0,10003.42,20.0
SELL,67646.2,67869.1155,67311.8267,1.5,bearish_engulfing,2026-02-11T21:15:00+00:00,VOLATILE_RANGE,3,DOWNTREND,SL,67869.1155,2026-02-11T21:20:00+00:00,-1.648,-1.65,10001.77,5.0
SELL,66863.5,67227.1588,66318.0119,1.5,bearish_engulfing,2026-02-11T23:30:00+00:00,VOLATILE_RANGE,4,DOWNTREND,SL,67227.1588,2026-02-12T00:05:00+00:00,-2.719,-2.72,9999.05,35.0
SELL,67909.4,68246.5735,67403.6397,1.5,bearish_engulfing,2026-02-12T11:05:00+00:00,VOLATILE_RANGE,4,DOWNTREND,SL,68246.5735,2026-02-12T11:30:00+00:00,-2.483,-2.48,9996.57,25.0
SELL,68031.8,68311.6795,67611.9807,1.5,bearish_engulfing,2026-02-12T11:55:00+00:00,VOLATILE_RANGE,3,DOWNTREND,SL,68311.6795,2026-02-12T13:55:00+00:00,-2.057,-2.06,9994.52,120.0
SELL,65559.4,65834.8985,65146.1522,1.5,bearish_engulfing,2026-02-12T18:55:00+00:00,DOWNTREND,3,DOWNTREND,SL,65834.8985,2026-02-12T19:20:00+00:00,-2.101,-2.1,9992.42,25.0
SELL,66409.1,66616.0228,66098.7159,1.5,bearish_pinbar,2026-02-13T04:35:00+00:00,VOLATILE_RANGE,4,DOWNTREND,TP,66098.7159,2026-02-13T06:20:00+00:00,2.337,2.34,9994.75,105.0
SELL,66631.0,66864.1775,66281.2337,1.5,bearish_engulfing,2026-02-13T09:00:00+00:00,DOWNTREND,3,DOWNTREND,SL,66864.1775,2026-02-13T09:30:00+00:00,-1.75,-1.75,9993.0,30.0
SELL,68933.5,69313.3338,68363.7494,1.5,bearish_engulfing,2026-02-13T16:15:00+00:00,VOLATILE_RANGE,3,VOLATILE_RANGE,SL,69313.3338,2026-02-13T16:30:00+00:00,-2.755,-2.75,9990.25,15.0
SELL,68920.8,69350.002,68276.997,1.5,bearish_engulfing,2026-02-13T16:55:00+00:00,VOLATILE_RANGE,3,VOLATILE_RANGE,SL,69350.002,2026-02-13T18:45:00+00:00,-3.114,-3.11,9987.14,110.0
SELL,69086.7,69347.2168,68695.9249,1.5,bearish_engulfing,2026-02-13T18:55:00+00:00,VOLATILE_RANGE,3,VOLATILE_RANGE,TP,68695.9249,2026-02-13T20:15:00+00:00,2.828,2.82,9989.96,80.0
BUY,68795.4,68560.5115,69147.7327,1.5,bullish_pinbar,2026-02-13T20:45:00+00:00,VOLATILE_RANGE,3,VOLATILE_RANGE,TP,69147.7327,2026-02-14T07:40:00+00:00,2.561,2.56,9992.52,655.0
SELL,69212.3,69356.4246,68900.565,2.16,setup_E_bb_mean_reversion,2026-02-14T07:45:00+00:00,SIDEWAY,4,SIDEWAY,SL,69356.4246,2026-02-14T08:00:00+00:00,-1.041,-1.04,9991.48,15.0
SELL,69524.8,69713.9496,69040.325,2.56,setup_E_bb_mean_reversion,2026-02-14T08:10:00+00:00,SIDEWAY,4,SIDEWAY,SL,69713.9496,2026-02-14T08:45:00+00:00,-1.36,-1.36,9990.12,35.0
BUY,70642.5,70382.5938,71032.3594,1.5,bullish_pinbar,2026-02-15T07:25:00+00:00,UPTREND,4,UPTREND,SL,70382.5938,2026-02-15T08:30:00+00:00,-1.84,-1.84,9988.28,65.0
SELL,68925.7,69072.8514,68628.955,2.02,setup_E_bb_mean_reversion,2026-02-16T09:00:00+00:00,SIDEWAY,3,SIDEWAY,TP,68628.955,2026-02-16T11:10:00+00:00,2.153,2.15,9990.43,130.0
SELL,69467.4,69725.8348,68741.16,2.81,setup_E_bb_mean_reversion,2026-02-16T12:25:00+00:00,SIDEWAY,4,SIDEWAY,SL,69725.8348,2026-02-16T12:50:00+00:00,-1.86,-1.86,9988.58,25.0
BUY,67933.4,67692.6665,68294.5002,1.5,bullish_pinbar,2026-02-16T17:50:00+00:00,VOLATILE_RANGE,3,VOLATILE_RANGE,TP,68294.5002,2026-02-16T20:50:00+00:00,2.658,2.65,9991.23,180.0
SELL,68600.7,68870.4017,68196.1474,1.5,bearish_pinbar,2026-02-16T23:30:00+00:00,VOLATILE_RANGE,3,VOLATILE_RANGE,SL,68870.4017,2026-02-16T23:45:00+00:00,-1.966,-1.96,9989.27,15.0
BUY,69035.1,68764.0122,69441.7316,1.5,bullish_pinbar,2026-02-17T02:30:00+00:00,VOLATILE_RANGE,3,VOLATILE_RANGE,SL,68764.0122,2026-02-17T03:00:00+00:00,-1.963,-1.96,9987.31,30.0
BUY,67757.2,67604.4856,67994.735,1.56,setup_E_bb_mean_reversion,2026-02-17T10:40:00+00:00,SIDEWAY,3,SIDEWAY,TP,67994.735,2026-02-17T12:05:00+00:00,1.753,1.75,9989.06,85.0
BUY,67438.9,67204.5027,67790.4959,1.5,bullish_pinbar,2026-02-17T23:10:00+00:00,VOLATILE_RANGE,3,VOLATILE_RANGE,SL,67204.5027,2026-02-18T01:00:00+00:00,-1.738,-1.74,9987.32,110.0
BUY,67085.5,66916.929,67429.5,2.04,setup_E_bb_mean_reversion,2026-02-18T01:05:00+00:00,SIDEWAY,4,SIDEWAY,SL,66916.929,2026-02-18T01:30:00+00:00,-1.256,-1.25,9986.06,25.0
SELL,68139.0,68326.478,67821.91,1.69,setup_E_bb_mean_reversion,2026-02-18T07:45:00+00:00,SIDEWAY,4,SIDEWAY,SL,68326.478,2026-02-18T08:15:00+00:00,-1.376,-1.37,9984.69,30.0
BUY,67136.1,66967.0278,67963.19,4.89,setup_E_bb_mean_reversion,2026-02-18T11:05:00+00:00,SIDEWAY,4,SIDEWAY,SL,66967.0278,2026-02-18T14:35:00+00:00,-1.259,-1.26,9983.43,210.0
BUY,67103.5,66869.4413,67454.5881,1.5,bullish_pinbar,2026-02-18T17:25:00+00:00,VOLATILE_RANGE,3,VOLATILE_RANGE,SL,66869.4413,2026-02-18T18:15:00+00:00,-1.744,-1.74,9981.69,50.0
BUY,66798.3,66433.8043,67345.0436,1.5,bullish_pinbar,2026-02-18T18:20:00+00:00,VOLATILE_RANGE,5,VOLATILE_RANGE,SL,66433.8043,2026-02-18T18:40:00+00:00,-2.728,-2.72,9978.97,20.0
BUY,66203.0,65959.4925,66568.2613,1.5,bullish_pinbar,2026-02-18T20:15:00+00:00,VOLATILE_RANGE,3,VOLATILE_RANGE,TP,66568.2613,2026-02-19T00:05:00+00:00,2.759,2.75,9981.72,230.0
SELL,67092.9,67264.3858,66813.22,1.63,setup_E_bb_mean_reversion,2026-02-19T06:15:00+00:00,SIDEWAY,4,SIDEWAY,SL,67264.3858,2026-02-19T06:30:00+00:00,-1.278,-1.28,9980.45,15.0
BUY,66483.9,66298.1322,66808.395,1.75,setup_E_bb_mean_reversion,2026-02-19T11:50:00+00:00,SIDEWAY,4,SIDEWAY,SL,66298.1322,2026-02-19T12:05:00+00:00,-1.397,-1.39,9979.05,15.0
SELL,65882.5,66166.0063,65457.2406,1.5,bearish_engulfing,2026-02-19T14:15:00+00:00,DOWNTREND,3,DOWNTREND,SL,66166.0063,2026-02-19T14:35:00+00:00,-2.152,-2.15,9976.91,20.0
SELL,66969.0,67214.7225,66600.4162,1.5,bearish_engulfing,2026-02-19T20:05:00+00:00,VOLATILE_RANGE,3,DOWNTREND,SL,67214.7225,2026-02-20T00:15:00+00:00,-1.835,-1.83,9975.07,250.0
SELL,67868.5,68010.537,67283.445,4.12,setup_E_bb_mean_reversion,2026-02-20T05:30:00+00:00,SIDEWAY,4,SIDEWAY,SL,68010.537,2026-02-20T09:00:00+00:00,-1.046,-1.04,9974.03,210.0
BUY,67417.7,67255.2646,67954.655,3.31,setup_E_bb_mean_reversion,2026-02-20T11:40:00+00:00,SIDEWAY,4,SIDEWAY,SL,67255.2646,2026-02-20T11:55:00+00:00,-1.205,-1.2,9972.83,15.0
BUY,66849.4,66666.0012,67287.21,2.39,setup_E_bb_mean_reversion,2026-02-20T13:30:00+00:00,SIDEWAY,4,SIDEWAY,SL,66666.0012,2026-02-20T13:35:00+00:00,-1.372,-1.37,9971.46,5.0
BUY,66600.0,66274.9,67209.905,1.88,setup_E_bb_mean_reversion,2026-02-20T13:40:00+00:00,SIDEWAY,4,SIDEWAY,TP,67209.905,2026-02-20T14:35:00+00:00,4.579,4.57,9976.03,55.0
SELL,67589.9,67928.8747,67081.4379,1.5,bearish_engulfing,2026-02-20T16:15:00+00:00,VOLATILE_RANGE,3,VOLATILE_RANGE,TP,67081.4379,2026-02-20T17:10:00+00:00,3.761,3.75,9979.78,55.0
SELL,67572.5,67968.9312,66977.8531,1.5,bearish_pinbar,2026-02-20T18:05:00+00:00,VOLATILE_RANGE,3,VOLATILE_RANGE,SL,67968.9312,2026-02-20T18:30:00+00:00,-2.933,-2.93,9976.85,25.0
SELL,67727.6,67983.119,67344.3215,1.5,bearish_pinbar,2026-02-20T19:35:00+00:00,VOLATILE_RANGE,3,VOLATILE_RANGE,SL,67983.119,2026-02-20T22:20:00+00:00,-1.886,-1.88,9974.97,165.0
SELL,68242.7,68386.3854,67938.765,2.12,setup_E_bb_mean_reversion,2026-02-21T09:20:00+00:00,SIDEWAY,4,SIDEWAY,TP,67938.765,2026-02-21T12:10:00+00:00,2.227,2.22,9977.19,170.0
SELL,68504.5,68669.409,68233.515,1.64,setup_E_bb_mean_reversion,2026-02-21T14:35:00+00:00,SIDEWAY,4,SIDEWAY,SL,68669.409,2026-02-21T15:40:00+00:00,-1.204,-1.2,9975.99,65.0
BUY,67914.5,67764.971,68208.335,1.97,setup_E_bb_mean_reversion,2026-02-21T23:00:00+00:00,SIDEWAY,3,SIDEWAY,SL,67764.971,2026-02-22T00:25:00+00:00,-1.101,-1.1,9974.89,85.0
BUY,67610.7,67460.4786,67933.965,2.15,setup_E_bb_mean_reversion,2026-02-22T13:35:00+00:00,SIDEWAY,4,SIDEWAY,SL,67460.4786,2026-02-22T14:05:00+00:00,-1.111,-1.11,9973.78,30.0
BUY,67232.3,67097.8354,67500.475,1.99,setup_E_bb_mean_reversion,2026-02-22T17:40:00+00:00,SIDEWAY,4,SIDEWAY,TP,67500.475,2026-02-22T21:30:00+00:00,1.994,1.99,9975.77,230.0
BUY,67273.3,67117.3534,67534.895,1.68,setup_E_bb_mean_reversion,2026-02-23T00:30:00+00:00,SIDEWAY,4,SIDEWAY,SL,67117.3534,2026-02-23T00:45:00+00:00,-1.159,-1.16,9974.62,15.0
BUY,66705.8,66546.6884,67407.21,4.41,setup_E_bb_mean_reversion,2026-02-23T00:55:00+00:00,SIDEWAY,4,SIDEWAY,SL,66546.6884,2026-02-23T01:00:00+00:00,-1.193,-1.19,9973.43,5.0
SELL,64903.7,65146.8593,64538.9611,1.5,bearish_engulfing,2026-02-23T04:15:00+00:00,VOLATILE_RANGE,3,VOLATILE_RANGE,SL,65146.8593,2026-02-23T05:10:00+00:00,-1.873,-1.87,9971.56,55.0
BUY,65006.3,64725.7843,65427.0736,1.5,bullish_pinbar,2026-02-23T05:25:00+00:00,VOLATILE_RANGE,3,VOLATILE_RANGE,TP,65427.0736,2026-02-23T06:20:00+00:00,3.236,3.23,9974.79,55.0
SELL,65707.9,65983.1698,65294.9954,1.5,bearish_engulfing,2026-02-23T09:15:00+00:00,VOLATILE_RANGE,4,VOLATILE_RANGE,SL,65983.1698,2026-02-23T09:30:00+00:00,-2.095,-2.09,9972.7,15.0
SELL,66297.8,66627.8445,65802.7332,1.5,bearish_engulfing,2026-02-23T11:20:00+00:00,DOWNTREND,3,DOWNTREND,TP,65802.7332,2026-02-23T14:35:00+00:00,3.734,3.72,9976.42,195.0
SELL,65399.0,65829.4975,64753.2538,1.5,bearish_engulfing,2026-02-23T16:00:00+00:00,DOWNTREND,6,DOWNTREND,TP,64753.2538,2026-02-23T17:15:00+00:00,4.937,4.93,9981.35,75.0
SELL,64336.9,64751.1423,63715.5366,1.5,bearish_engulfing,2026-02-23T17:35:00+00:00,DOWNTREND,6,DOWNTREND,SL,64751.1423,2026-02-23T17:55:00+00:00,-3.219,-3.21,9978.13,20.0
SELL,64165.3,64510.8132,63647.0301,1.5,bearish_engulfing,2026-02-23T20:05:00+00:00,DOWNTREND,3,DOWNTREND,SL,64510.8132,2026-02-23T21:00:00+00:00,-2.692,-2.69,9975.45,55.0
SELL,65921.0,66374.1025,65241.3462,1.5,bearish_pinbar,2026-02-25T01:25:00+00:00,VOLATILE_RANGE,6,DOWNTREND,TP,65241.3462,2026-02-25T04:00:00+00:00,5.155,5.14,9980.59,155.0
SELL,66081.7,66418.1042,65577.0936,1.5,bearish_pinbar,2026-02-25T13:00:00+00:00,VOLATILE_RANGE,6,VOLATILE_RANGE,SL,66418.1042,2026-02-25T13:45:00+00:00,-2.545,-2.54,9978.05,45.0
SELL,68843.9,69140.7098,68398.6854,1.5,bearish_pinbar,2026-02-25T19:15:00+00:00,VOLATILE_RANGE,3,VOLATILE_RANGE,SL,69140.7098,2026-02-25T20:30:00+00:00,-2.156,-2.15,9975.9,75.0
BUY,68996.8,68734.208,69390.688,1.5,bullish_engulfing,2026-02-25T21:20:00+00:00,VOLATILE_RANGE,3,VOLATILE_RANGE,SL,68734.208,2026-02-25T21:30:00+00:00,-1.903,-1.9,9974.0,10.0
BUY,68993.8,68727.5155,69393.2268,1.5,bullish_pinbar,2026-02-25T22:05:00+00:00,VOLATILE_RANGE,3,VOLATILE_RANGE,SL,68727.5155,2026-02-25T22:30:00+00:00,-1.93,-1.92,9972.07,25.0
BUY,68625.5,68404.5363,68956.9456,1.5,bullish_pinbar,2026-02-26T04:50:00+00:00,UPTREND,4,UPTREND,SL,68404.5363,2026-02-26T05:00:00+00:00,-1.61,-1.61,9970.47,10.0
BUY,68412.6,68176.0685,68767.3973,1.5,bullish_pinbar,2026-02-26T10:40:00+00:00,UPTREND,4,UPTREND,SL,68176.0685,2026-02-26T11:20:00+00:00,-1.729,-1.72,9968.75,40.0
BUY,67010.5,66498.4738,67778.5394,1.5,bullish_pinbar,2026-02-26T16:45:00+00:00,VOLATILE_RANGE,6,UPTREND,SL,66498.4738,2026-02-26T16:55:00+00:00,-3.82,-3.81,9964.94,10.0
BUY,67041.1,66761.3972,67460.6541,1.5,bullish_pinbar,2026-02-27T01:20:00+00:00,VOLATILE_RANGE,4,UPTREND,TP,67460.6541,2026-02-27T02:15:00+00:00,3.129,3.12,9968.05,55.0
BUY,67723.7,67485.7908,68080.5639,1.5,bullish_pinbar,2026-02-27T04:40:00+00:00,UPTREND,3,UPTREND,SL,67485.7908,2026-02-27T06:25:00+00:00,-1.756,-1.75,9966.3,105.0
BUY,67277.0,67110.446,67830.385,3.32,setup_E_bb_mean_reversion,2026-02-27T09:50:00+00:00,SIDEWAY,4,SIDEWAY,SL,67110.446,2026-02-27T10:10:00+00:00,-1.238,-1.23,9965.07,20.0
BUY,66772.9,66494.3678,67190.6984,1.5,bullish_pinbar,2026-02-27T10:45:00+00:00,VOLATILE_RANGE,6,VOLATILE_RANGE,SL,66494.3678,2026-02-27T11:15:00+00:00,-2.086,-2.08,9962.99,30.0
BUY,66211.5,65834.3712,66777.1931,1.5,bullish_pinbar,2026-02-27T14:35:00+00:00,VOLATILE_RANGE,5,VOLATILE_RANGE,SL,65834.3712,2026-02-27T14:40:00+00:00,-2.848,-2.84,9960.15,5.0
BUY,65807.1,65524.4823,66231.0266,1.5,bullish_pinbar,2026-02-27T14:50:00+00:00,VOLATILE_RANGE,4,VOLATILE_RANGE,TP,66231.0266,2026-02-27T15:50:00+00:00,3.221,3.21,9963.36,60.0
BUY,63535.1,63197.2622,64041.8566,1.5,bullish_pinbar,2026-02-28T08:20:00+00:00,VOLATILE_RANGE,3,VOLATILE_RANGE,TP,64041.8566,2026-02-28T11:00:00+00:00,3.988,3.97,9967.34,160.0
SELL,64778.7,65296.9296,63846.9787,1.8,bearish_engulfing,2026-02-28T14:00:00+00:00,DOWNTREND,4,DOWNTREND,SL,65296.9296,2026-02-28T17:55:00+00:00,-4.0,-3.99,9963.35,235.0
SELL,66959.5,67197.3987,66602.6519,1.5,bearish_pinbar,2026-02-28T23:20:00+00:00,VOLATILE_RANGE,3,VOLATILE_RANGE,TP,66602.6519,2026-03-01T00:40:00+00:00,2.665,2.65,9966.0,80.0
SELL,67726.3,68268.1104,66853.2764,1.61,bearish_engulfing,2026-03-01T02:45:00+00:00,VOLATILE_RANGE,3,VOLATILE_RANGE,TP,66853.2764,2026-03-01T06:30:00+00:00,6.445,6.42,9972.43,225.0
BUY,66956.3,66752.1092,67262.5861,1.5,bullish_pinbar,2026-03-01T07:25:00+00:00,VOLATILE_RANGE,4,VOLATILE_RANGE,TP,67262.5861,2026-03-01T08:20:00+00:00,2.287,2.28,9974.71,55.0
BUY,66393.1,65994.4172,66991.1241,1.5,bullish_pinbar,2026-03-01T10:05:00+00:00,VOLATILE_RANGE,3,VOLATILE_RANGE,TP,66991.1241,2026-03-01T13:50:00+00:00,4.504,4.49,9979.2,225.0
SELL,66874.9,67141.9873,66474.2691,1.5,bearish_engulfing,2026-03-01T14:35:00+00:00,VOLATILE_RANGE,4,VOLATILE_RANGE,SL,67141.9873,2026-03-01T15:15:00+00:00,-1.997,-1.99,9977.21,40.0
BUY,66155.7,65901.7108,66536.6839,1.5,bullish_engulfing,2026-03-01T17:05:00+00:00,VOLATILE_RANGE,3,VOLATILE_RANGE,SL,65901.7108,2026-03-01T17:15:00+00:00,-1.92,-1.92,9975.29,10.0
BUY,66034.0,65735.715,66481.4275,1.5,bullish_pinbar,2026-03-01T17:30:00+00:00,VOLATILE_RANGE,3,VOLATILE_RANGE,TP,66481.4275,2026-03-01T18:00:00+00:00,3.388,3.38,9978.67,30.0
BUY,65889.2,65616.477,66298.2845,1.5,bullish_pinbar,2026-03-01T19:50:00+00:00,VOLATILE_RANGE,3,VOLATILE_RANGE,SL,65616.477,2026-03-01T20:05:00+00:00,-2.07,-2.07,9976.61,15.0
SELL,65394.5,65682.3862,64962.6706,1.5,bearish_engulfing,2026-03-01T20:20:00+00:00,VOLATILE_RANGE,3,VOLATILE_RANGE,SL,65682.3862,2026-03-01T21:55:00+00:00,-2.201,-2.2,9974.41,95.0
BUY,66093.4,65785.1665,66555.7502,1.5,bullish_pinbar,2026-03-01T22:20:00+00:00,VOLATILE_RANGE,3,VOLATILE_RANGE,SL,65785.1665,2026-03-01T22:25:00+00:00,-2.332,-2.33,9972.08,5.0
BUY,65672.7,65147.3184,66590.3273,1.75,bullish_engulfing,2026-03-01T23:00:00+00:00,VOLATILE_RANGE,4,VOLATILE_RANGE,TP,66590.3273,2026-03-02T00:45:00+00:00,6.986,6.97,9979.05,105.0
SELL,66543.9,66835.8598,66105.9604,1.5,bearish_engulfing,2026-03-02T01:40:00+00:00,VOLATILE_RANGE,3,VOLATILE_RANGE,TP,66105.9604,2026-03-02T02:05:00+00:00,3.291,3.28,9982.34,25.0
SELL,66714.5,67020.8863,66254.9206,1.5,bearish_pinbar,2026-03-02T03:30:00+00:00,VOLATILE_RANGE,3,VOLATILE_RANGE,TP,66254.9206,2026-03-02T06:15:00+00:00,3.444,3.44,9985.77,165.0
BUY,66132.2,65857.1695,66544.7457,1.5,bullish_pinbar,2026-03-02T06:50:00+00:00,VOLATILE_RANGE,4,VOLATILE_RANGE,SL,65857.1695,2026-03-02T07:05:00+00:00,-2.079,-2.08,9983.7,15.0
BUY,65719.2,65344.702,66280.947,1.5,bullish_engulfing,2026-03-02T07:20:00+00:00,VOLATILE_RANGE,6,VOLATILE_RANGE,TP,66280.947,2026-03-02T09:00:00+00:00,4.274,4.27,9987.96,100.0
BUY,65405.9,65156.3852,65780.1721,1.5,bullish_pinbar,2026-03-02T13:50:00+00:00,VOLATILE_RANGE,6,VOLATILE_RANGE,TP,65780.1721,2026-03-02T14:30:00+00:00,2.861,2.86,9990.82,40.0
SELL,69234.2,69761.0855,68443.8717,1.5,bearish_engulfing,2026-03-02T15:45:00+00:00,VOLATILE_RANGE,4,VOLATILE_RANGE,SL,69761.0855,2026-03-02T16:40:00+00:00,-3.805,-3.8,9987.02,55.0
SELL,69794.3,70274.4858,69074.0214,1.5,bearish_pinbar,2026-03-02T16:45:00+00:00,VOLATILE_RANGE,4,VOLATILE_RANGE,TP,69074.0214,2026-03-02T17:35:00+00:00,5.16,5.15,9992.17,50.0
BUY,68862.5,68515.8438,69382.4844,1.5,bullish_pinbar,2026-03-02T19:00:00+00:00,VOLATILE_RANGE,3,VOLATILE_RANGE,TP,69382.4844,2026-03-02T20:50:00+00:00,3.776,3.77,9995.95,110.0
BUY,69141.0,68854.6475,69570.5287,1.5,bullish_engulfing,2026-03-02T21:05:00+00:00,UPTREND,3,UPTREND,SL,68854.6475,2026-03-02T23:30:00+00:00,-2.071,-2.07,9993.88,145.0
SELL,67498.1,67999.6453,66745.7821,1.5,bearish_pinbar,2026-03-03T15:40:00+00:00,VOLATILE_RANGE,5,VOLATILE_RANGE,SL,67999.6453,2026-03-03T16:05:00+00:00,-3.715,-3.71,9990.16,25.0
SELL,68428.4,68736.571,67966.1435,1.5,bearish_pinbar,2026-03-03T18:25:00+00:00,VOLATILE_RANGE,3,VOLATILE_RANGE,SL,68736.571,2026-03-03T18:30:00+00:00,-2.252,-2.25,9987.91,5.0
SELL,68343.3,68820.8583,67626.9626,1.5,bearish_engulfing,2026-03-03T19:05:00+00:00,VOLATILE_RANGE,3,VOLATILE_RANGE,SL,68820.8583,2026-03-03T19:20:00+00:00,-3.494,-3.49,9984.42,15.0
BUY,68020.0,67722.75,68465.875,1.5,bullish_pinbar,2026-03-03T21:15:00+00:00,VOLATILE_RANGE,4,VOLATILE_RANGE,TP,68465.875,2026-03-03T22:00:00+00:00,3.278,3.27,9987.7,45.0
BUY,68250.9,67962.8727,68682.9409,1.5,bullish_pinbar,2026-03-03T22:30:00+00:00,VOLATILE_RANGE,3,VOLATILE_RANGE,TP,68682.9409,2026-03-03T23:10:00+00:00,3.165,3.16,9990.86,40.0
SELL,68417.4,68721.8435,67960.7347,1.5,bearish_pinbar,2026-03-03T23:30:00+00:00,VOLATILE_RANGE,3,VOLATILE_RANGE,TP,67960.7347,2026-03-04T00:30:00+00:00,3.337,3.33,9994.19,60.0
BUY,67596.0,67306.71,68029.935,1.5,bullish_pinbar,2026-03-04T04:20:00+00:00,VOLATILE_RANGE,3,VOLATILE_RANGE,TP,68029.935,2026-03-04T05:40:00+00:00,3.21,3.21,9997.4,80.0
BUY,69499.9,69239.0503,69891.1746,1.5,bullish_pinbar,2026-03-04T08:35:00+00:00,UPTREND,6,UPTREND,TP,69891.1746,2026-03-04T08:45:00+00:00,2.815,2.81,10000.21,10.0
BUY,71001.9,70578.8953,71636.4071,1.5,bullish_engulfing,2026-03-04T09:05:00+00:00,UPTREND,6,UPTREND,TP,71636.4071,2026-03-04T09:35:00+00:00,4.468,4.47,10004.68,30.0
BUY,71157.3,70727.3068,71802.2899,1.5,bullish_engulfing,2026-03-04T11:50:00+00:00,UPTREND,3,UPTREND,SL,70727.3068,2026-03-04T12:15:00+00:00,-3.021,-3.02,10001.66,25.0
BUY,71327.2,71042.382,71754.427,1.5,bullish_engulfing,2026-03-04T13:25:00+00:00,UPTREND,4,UPTREND,TP,71754.427,2026-03-04T14:10:00+00:00,2.995,3.0,10004.65,45.0
BUY,72930.9,72347.4528,73951.9291,1.75,bullish_engulfing,2026-03-04T15:25:00+00:00,UPTREND,5,UPTREND,TP,73951.9291,2026-03-04T19:10:00+00:00,7.0,7.0,10011.66,225.0
BUY,72592.9,72334.5177,72980.4734,1.5,bullish_pinbar,2026-03-05T03:10:00+00:00,UPTREND,3,UPTREND,SL,72334.5177,2026-03-05T03:35:00+00:00,-1.78,-1.78,10009.88,25.0
BUY,72563.2,72285.392,72979.912,1.5,bullish_engulfing,2026-03-05T09:55:00+00:00,VOLATILE_RANGE,3,UPTREND,TP,72979.912,2026-03-05T10:20:00+00:00,2.871,2.87,10012.75,25.0
BUY,68434.1,68050.9147,69008.8779,1.5,bullish_pinbar,2026-03-06T17:15:00+00:00,VOLATILE_RANGE,3,VOLATILE_RANGE,SL,68050.9147,2026-03-06T17:30:00+00:00,-2.8,-2.8,10009.95,15.0
BUY,68396.2,68064.5095,68893.7357,1.5,bullish_engulfing,2026-03-06T18:30:00+00:00,VOLATILE_RANGE,3,VOLATILE_RANGE,SL,68064.5095,2026-03-06T19:45:00+00:00,-2.425,-2.43,10007.52,75.0
SELL,68487.4,68661.8748,68225.685,1.5,setup_E_bb_mean_reversion,2026-03-07T03:10:00+00:00,SIDEWAY,3,SIDEWAY,TP,68225.685,2026-03-07T03:20:00+00:00,1.911,1.91,10009.43,10.0
BUY,67665.7,67514.6686,67909.135,1.61,setup_E_bb_mean_reversion,2026-03-07T06:55:00+00:00,SIDEWAY,4,SIDEWAY,SL,67514.6686,2026-03-07T07:05:00+00:00,-1.116,-1.12,10008.32,10.0
SELL,67276.9,67613.1922,66772.4616,1.5,bearish_pinbar,2026-03-07T19:20:00+00:00,DOWNTREND,6,DOWNTREND,TP,66772.4616,2026-03-08T02:50:00+00:00,3.749,3.75,10012.07,450.0
SELL,66884.3,67168.6107,66457.8339,1.5,bearish_pinbar,2026-03-08T03:05:00+00:00,DOWNTREND,6,DOWNTREND,SL,67168.6107,2026-03-08T05:25:00+00:00,-2.125,-2.13,10009.94,140.0
SELL,66200.0,66507.6,65738.6,1.5,bearish_engulfing,2026-03-09T00:15:00+00:00,DOWNTREND,3,DOWNTREND,SL,66507.6,2026-03-09T00:30:00+00:00,-2.323,-2.33,10007.61,15.0
SELL,67792.8,68207.882,67170.177,1.5,bearish_engulfing,2026-03-09T05:50:00+00:00,VOLATILE_RANGE,4,DOWNTREND,TP,67170.177,2026-03-09T07:00:00+00:00,4.592,4.6,10012.21,70.0
SELL,67693.8,68017.5345,67208.1982,1.5,bearish_engulfing,2026-03-09T08:35:00+00:00,VOLATILE_RANGE,4,DOWNTREND,SL,68017.5345,2026-03-09T09:25:00+00:00,-2.391,-2.39,10009.82,50.0
SELL,67850.0,68118.125,67447.8125,1.5,bearish_pinbar,2026-03-09T10:20:00+00:00,VOLATILE_RANGE,3,DOWNTREND,TP,67447.8125,2026-03-09T11:15:00+00:00,2.964,2.97,10012.78,55.0
SELL,68928.9,69360.3222,68281.7666,1.5,bearish_pinbar,2026-03-09T16:50:00+00:00,VOLATILE_RANGE,3,VOLATILE_RANGE,TP,68281.7666,2026-03-09T17:40:00+00:00,4.694,4.7,10017.48,50.0
BUY,68462.8,68202.743,68852.8855,1.5,bullish_pinbar,2026-03-09T19:05:00+00:00,VOLATILE_RANGE,4,VOLATILE_RANGE,TP,68852.8855,2026-03-09T19:20:00+00:00,2.849,2.85,10020.34,15.0
SELL,68952.8,69272.582,68473.127,1.5,bearish_pinbar,2026-03-09T20:00:00+00:00,VOLATILE_RANGE,3,VOLATILE_RANGE,TP,68473.127,2026-03-09T23:40:00+00:00,3.478,3.49,10023.82,220.0
BUY,68495.1,68264.1622,68841.5066,1.5,bullish_pinbar,2026-03-09T23:45:00+00:00,VOLATILE_RANGE,4,VOLATILE_RANGE,TP,68841.5066,2026-03-10T00:25:00+00:00,2.529,2.53,10026.36,40.0
SELL,69229.0,69535.9725,68768.5413,1.5,bearish_pinbar,2026-03-10T01:55:00+00:00,VOLATILE_RANGE,4,VOLATILE_RANGE,SL,69535.9725,2026-03-10T02:30:00+00:00,-2.217,-2.22,10024.13,35.0
BUY,69477.6,69164.806,69946.791,1.5,bullish_pinbar,2026-03-10T03:50:00+00:00,VOLATILE_RANGE,3,VOLATILE_RANGE,TP,69946.791,2026-03-10T04:35:00+00:00,3.377,3.38,10027.52,45.0
BUY,69911.1,69625.5223,70339.4666,1.5,bullish_pinbar,2026-03-10T04:45:00+00:00,VOLATILE_RANGE,3,VOLATILE_RANGE,TP,70339.4666,2026-03-10T07:10:00+00:00,3.064,3.07,10030.59,145.0
SELL,70294.2,70550.8355,69909.2467,1.5,bearish_pinbar,2026-03-10T07:40:00+00:00,VOLATILE_RANGE,4,VOLATILE_RANGE,SL,70550.8355,2026-03-10T08:05:00+00:00,-1.825,-1.83,10028.76,25.0
SELL,69588.4,70145.1072,68531.9935,1.9,bearish_engulfing,2026-03-10T14:05:00+00:00,VOLATILE_RANGE,6,VOLATILE_RANGE,SL,70145.1072,2026-03-10T14:35:00+00:00,-4.0,-4.01,10024.75,30.0
SELL,70243.5,70551.0087,69782.2369,1.5,bearish_pinbar,2026-03-10T21:05:00+00:00,VOLATILE_RANGE,4,VOLATILE_RANGE,TP,69782.2369,2026-03-10T21:35:00+00:00,3.283,3.29,10028.04,30.0
BUY,69697.5,69328.7563,70250.6156,1.5,bullish_pinbar,2026-03-10T21:40:00+00:00,VOLATILE_RANGE,5,VOLATILE_RANGE,SL,69328.7563,2026-03-11T09:35:00+00:00,-2.645,-2.65,10025.39,715.0
BUY,69144.0,68959.712,69479.885,1.82,setup_E_bb_mean_reversion,2026-03-11T11:55:00+00:00,SIDEWAY,4,SIDEWAY,SL,68959.712,2026-03-11T12:05:00+00:00,-1.333,-1.34,10024.05,10.0
SELL,69247.5,69801.48,68278.0375,1.75,bearish_pinbar,2026-03-11T12:30:00+00:00,VOLATILE_RANGE,5,VOLATILE_RANGE,SL,69801.48,2026-03-11T13:10:00+00:00,-4.0,-4.01,10020.04,40.0
SELL,70410.5,70973.784,69534.4105,1.56,bearish_engulfing,2026-03-11T13:40:00+00:00,VOLATILE_RANGE,6,VOLATILE_RANGE,SL,70973.784,2026-03-11T17:10:00+00:00,-4.0,-4.01,10016.03,210.0
SELL,70721.0,71106.8025,70142.2962,1.5,bearish_engulfing,2026-03-11T17:50:00+00:00,VOLATILE_RANGE,3,VOLATILE_RANGE,TP,70142.2962,2026-03-11T23:45:00+00:00,4.091,4.1,10020.13,355.0
BUY,70150.0,69917.325,70499.0125,1.5,bullish_pinbar,2026-03-11T23:55:00+00:00,VOLATILE_RANGE,6,VOLATILE_RANGE,SL,69917.325,2026-03-12T01:00:00+00:00,-1.658,-1.66,10018.47,65.0
BUY,69864.2,69693.4716,70162.94,1.75,setup_E_bb_mean_reversion,2026-03-12T01:10:00+00:00,SIDEWAY,4,SIDEWAY,SL,69693.4716,2026-03-12T02:15:00+00:00,-1.222,-1.22,10017.24,65.0
BUY,69383.2,69216.4336,69760.215,2.26,setup_E_bb_mean_reversion,2026-03-12T02:35:00+00:00,SIDEWAY,4,SIDEWAY,SL,69216.4336,2026-03-12T02:50:00+00:00,-1.202,-1.2,10016.04,15.0
SELL,69806.3,69958.4126,69509.97,1.95,setup_E_bb_mean_reversion,2026-03-12T07:45:00+00:00,SIDEWAY,3,SIDEWAY,SL,69958.4126,2026-03-12T08:15:00+00:00,-1.09,-1.09,10014.95,30.0
SELL,70239.3,70447.6786,69798.195,2.12,setup_E_bb_mean_reversion,2026-03-12T09:40:00+00:00,SIDEWAY,4,SIDEWAY,SL,70447.6786,2026-03-12T10:45:00+00:00,-1.483,-1.49,10013.46,65.0
BUY,69455.0,69130.1625,69942.2562,1.5,bullish_pinbar,2026-03-12T14:50:00+00:00,VOLATILE_RANGE,5,VOLATILE_RANGE,TP,69942.2562,2026-03-12T15:20:00+00:00,3.508,3.51,10016.98,30.0
SELL,69983.1,70208.8577,69644.4634,1.5,bearish_pinbar,2026-03-12T18:25:00+00:00,VOLATILE_RANGE,4,VOLATILE_RANGE,SL,70208.8577,2026-03-12T19:30:00+00:00,-1.613,-1.62,10015.36,65.0
SELL,71540.6,71917.4515,70975.3227,1.5,bearish_pinbar,2026-03-13T01:15:00+00:00,VOLATILE_RANGE,3,VOLATILE_RANGE,TP,70975.3227,2026-03-13T03:30:00+00:00,3.951,3.96,10019.32,135.0
SELL,71120.9,71392.0022,70714.2466,1.5,bearish_pinbar,2026-03-13T03:45:00+00:00,VOLATILE_RANGE,4,VOLATILE_RANGE,SL,71392.0022,2026-03-13T03:50:00+00:00,-1.906,-1.91,10017.41,5.0
BUY,71298.6,71021.7535,71713.8698,1.5,bullish_pinbar,2026-03-13T04:20:00+00:00,UPTREND,3,UPTREND,TP,71713.8698,2026-03-13T08:35:00+00:00,2.912,2.92,10020.33,255.0
BUY,72220.4,71910.849,72684.7265,1.5,bullish_engulfing,2026-03-13T10:10:00+00:00,UPTREND,6,UPTREND,TP,72684.7265,2026-03-13T12:45:00+00:00,3.215,3.22,10023.55,155.0
BUY,73151.6,72787.121,73698.3185,1.5,bullish_pinbar,2026-03-13T13:20:00+00:00,UPTREND,6,UPTREND,SL,72787.121,2026-03-13T13:35:00+00:00,-2.491,-2.5,10021.05,15.0
BUY,73496.9,73120.7578,74061.1134,1.5,bullish_pinbar,2026-03-13T14:15:00+00:00,UPTREND,6,UPTREND,SL,73120.7578,2026-03-13T14:40:00+00:00,-2.559,-2.56,10018.48,25.0
BUY,71167.2,70785.082,71740.377,1.5,bullish_engulfing,2026-03-13T19:05:00+00:00,VOLATILE_RANGE,3,UPTREND,SL,70785.082,2026-03-13T22:00:00+00:00,-2.685,-2.69,10015.8,175.0
BUY,70850.6,70642.3735,71162.9398,1.5,bullish_pinbar,2026-03-13T23:20:00+00:00,VOLATILE_RANGE,3,UPTREND,SL,70642.3735,2026-03-14T00:40:00+00:00,-1.469,-1.47,10014.32,80.0
BUY,71050.0,70849.375,71350.9375,1.5,bullish_pinbar,2026-03-14T03:50:00+00:00,UPTREND,4,UPTREND,SL,70849.375,2026-03-14T06:15:00+00:00,-1.412,-1.41,10012.91,145.0
SELL,71150.1,71301.0002,70814.6,2.22,setup_E_bb_mean_reversion,2026-03-14T23:35:00+00:00,SIDEWAY,4,SIDEWAY,SL,71301.0002,2026-03-15T02:00:00+00:00,-1.06,-1.06,10011.85,145.0
SELL,71815.6,71993.6312,71524.05,1.64,setup_E_bb_mean_reversion,2026-03-15T09:00:00+00:00,SIDEWAY,4,SIDEWAY,TP,71524.05,2026-03-15T13:05:00+00:00,2.03,2.03,10013.88,245.0
SELL,71934.2,72115.6684,71462.39,2.6,setup_E_bb_mean_reversion,2026-03-15T17:50:00+00:00,SIDEWAY,4,SIDEWAY,TP,71462.39,2026-03-15T18:45:00+00:00,3.279,3.28,10017.16,55.0
SELL,71937.4,72093.8748,71637.42,1.92,setup_E_bb_mean_reversion,2026-03-15T21:30:00+00:00,SIDEWAY,4,SIDEWAY,SL,72093.8748,2026-03-15T21:35:00+00:00,-1.088,-1.09,10016.07,5.0
SELL,72073.7,72247.7474,71692.57,2.19,setup_E_bb_mean_reversion,2026-03-15T21:40:00+00:00,SIDEWAY,4,SIDEWAY,SL,72247.7474,2026-03-15T22:00:00+00:00,-1.207,-1.21,10014.87,20.0
SELL,72461.4,72654.3228,71970.31,2.55,setup_E_bb_mean_reversion,2026-03-15T22:45:00+00:00,SIDEWAY,4,SIDEWAY,SL,72654.3228,2026-03-15T22:50:00+00:00,-1.331,-1.33,10013.53,5.0
SELL,72715.6,72962.0312,72074.32,2.6,setup_E_bb_mean_reversion,2026-03-15T22:55:00+00:00,SIDEWAY,4,SIDEWAY,SL,72962.0312,2026-03-15T23:05:00+00:00,-1.694,-1.7,10011.84,10.0
BUY,73655.5,73367.0612,74088.1581,1.5,bullish_pinbar,2026-03-16T04:10:00+00:00,UPTREND,5,UPTREND,TP,74088.1581,2026-03-16T04:50:00+00:00,2.937,2.94,10014.78,40.0
BUY,73940.5,73686.7487,74321.1269,1.5,bullish_engulfing,2026-03-16T18:00:00+00:00,UPTREND,3,UPTREND,TP,74321.1269,2026-03-16T18:35:00+00:00,2.574,2.58,10017.35,35.0
BUY,74434.5,74025.3138,75048.2794,1.5,bullish_engulfing,2026-03-16T21:30:00+00:00,UPTREND,5,UPTREND,TP,75048.2794,2026-03-17T00:05:00+00:00,4.123,4.13,10021.48,155.0
BUY,74999.3,74691.9017,75460.3974,1.5,bullish_pinbar,2026-03-17T00:50:00+00:00,UPTREND,3,UPTREND,TP,75460.3974,2026-03-17T01:10:00+00:00,3.074,3.08,10024.56,20.0
BUY,75851.9,75552.2703,76301.3446,1.5,bullish_pinbar,2026-03-17T01:30:00+00:00,UPTREND,3,UPTREND,SL,75552.2703,2026-03-17T01:40:00+00:00,-1.975,-1.98,10022.58,10.0
BUY,75584.7,75270.9382,76055.3426,1.5,bullish_engulfing,2026-03-17T01:55:00+00:00,UPTREND,3,UPTREND,SL,75270.9382,2026-03-17T02:05:00+00:00,-2.076,-2.08,10020.5,10.0
BUY,73984.8,73740.638,74351.043,1.5,bullish_engulfing,2026-03-17T06:50:00+00:00,VOLATILE_RANGE,3,UPTREND,TP,74351.043,2026-03-17T07:15:00+00:00,2.475,2.48,10022.98,25.0
BUY,74357.1,74094.1073,74751.5891,1.5,bullish_engulfing,2026-03-17T07:40:00+00:00,VOLATILE_RANGE,3,UPTREND,SL,74094.1073,2026-03-17T08:15:00+00:00,-1.768,-1.77,10021.21,35.0
BUY,74355.3,73978.9117,74919.8824,1.5,bullish_engulfing,2026-03-17T08:40:00+00:00,VOLATILE_RANGE,3,UPTREND,SL,73978.9117,2026-03-17T09:05:00+00:00,-2.531,-2.54,10018.68,25.0
BUY,73890.1,73607.0747,74314.6379,1.5,bullish_pinbar,2026-03-17T09:55:00+00:00,VOLATILE_RANGE,3,UPTREND,SL,73607.0747,2026-03-17T10:05:00+00:00,-1.915,-1.92,10016.76,10.0
BUY,73721.7,73382.7958,74230.0564,1.5,bullish_pinbar,2026-03-17T10:35:00+00:00,UPTREND,3,UPTREND,TP,74230.0564,2026-03-17T11:45:00+00:00,3.448,3.45,10020.21,70.0
BUY,74720.5,74394.4987,75209.5019,1.5,bullish_engulfing,2026-03-17T22:00:00+00:00,UPTREND,3,UPTREND,SL,74394.4987,2026-03-17T22:25:00+00:00,-2.181,-2.19,10018.02,25.0
BUY,74103.9,73866.6402,74459.7896,1.5,bullish_pinbar,2026-03-18T10:05:00+00:00,UPTREND,4,UPTREND,SL,73866.6402,2026-03-18T10:40:00+00:00,-1.601,-1.6,10016.42,35.0
BUY,72893.8,72606.5655,73324.6518,1.5,bullish_pinbar,2026-03-18T12:00:00+00:00,UPTREND,4,UPTREND,SL,72606.5655,2026-03-18T12:30:00+00:00,-1.97,-1.97,10014.45,30.0
BUY,71320.0,70995.5,71806.75,1.5,bullish_pinbar,2026-03-18T15:45:00+00:00,VOLATILE_RANGE,3,VOLATILE_RANGE,TP,71806.75,2026-03-18T18:00:00+00:00,3.412,3.42,10017.86,135.0
SELL,70029.3,70263.0733,69678.6401,1.5,bearish_pinbar,2026-03-19T08:30:00+00:00,DOWNTREND,4,DOWNTREND,SL,70263.0733,2026-03-19T09:20:00+00:00,-1.669,-1.67,10016.19,50.0
SELL,69980.8,70216.152,69627.772,1.5,bearish_pinbar,2026-03-19T11:45:00+00:00,DOWNTREND,4,DOWNTREND,TP,69627.772,2026-03-19T12:05:00+00:00,2.522,2.53,10018.72,20.0
SELL,69264.6,69533.4615,68861.3078,1.5,bearish_pinbar,2026-03-19T12:55:00+00:00,DOWNTREND,6,DOWNTREND,SL,69533.4615,2026-03-19T13:40:00+00:00,-1.941,-1.94,10016.77,45.0
SELL,69183.5,69466.4588,68759.0619,1.5,bearish_pinbar,2026-03-19T15:30:00+00:00,DOWNTREND,3,DOWNTREND,TP,68759.0619,2026-03-19T15:45:00+00:00,3.067,3.07,10019.85,15.0
SELL,70025.6,70360.064,69523.904,1.5,bearish_pinbar,2026-03-19T19:05:00+00:00,DOWNTREND,4,DOWNTREND,SL,70360.064,2026-03-19T19:10:00+00:00,-2.388,-2.39,10017.45,5.0
SELL,70538.4,70800.046,70145.931,1.5,bearish_engulfing,2026-03-20T06:00:00+00:00,DOWNTREND,4,DOWNTREND,SL,70800.046,2026-03-20T07:40:00+00:00,-1.855,-1.86,10015.6,100.0
SELL,70165.9,70400.4147,69814.1279,1.5,bearish_pinbar,2026-03-20T20:10:00+00:00,VOLATILE_RANGE,3,DOWNTREND,TP,69814.1279,2026-03-20T20:30:00+00:00,2.507,2.51,10018.11,20.0
SELL,70510.7,70896.8768,69931.4349,1.5,bearish_pinbar,2026-03-20T21:35:00+00:00,VOLATILE_RANGE,3,DOWNTREND,SL,70896.8768,2026-03-21T14:10:00+00:00,-2.738,-2.74,10015.36,995.0
BUY,69547.0,69395.106,70176.695,4.15,setup_E_bb_mean_reversion,2026-03-21T23:45:00+00:00,SIDEWAY,4,SIDEWAY,SL,69395.106,2026-03-21T23:50:00+00:00,-1.092,-1.09,10014.27,5.0
BUY,68881.5,68373.537,70046.135,2.29,setup_E_bb_mean_reversion,2026-03-21T23:55:00+00:00,SIDEWAY,4,SIDEWAY,SL,68373.537,2026-03-22T00:00:00+00:00,-3.687,-3.69,10010.58,5.0
SELL,69361.6,69666.604,68904.094,1.5,bearish_engulfing,2026-03-22T04:15:00+00:00,DOWNTREND,3,DOWNTREND,TP,68904.094,2026-03-22T07:40:00+00:00,3.298,3.3,10013.88,205.0
SELL,68601.1,68815.7027,68279.1959,1.5,bearish_pinbar,2026-03-22T10:55:00+00:00,DOWNTREND,3,DOWNTREND,TP,68279.1959,2026-03-22T11:40:00+00:00,2.346,2.35,10016.23,45.0
SELL,68635.0,68878.0875,68270.3688,1.5,bearish_engulfing,2026-03-22T17:55:00+00:00,DOWNTREND,3,DOWNTREND,TP,68270.3688,2026-03-22T19:10:00+00:00,2.656,2.66,10018.89,75.0
SELL,68126.2,68544.1155,67499.3267,1.5,bearish_engulfing,2026-03-22T19:45:00+00:00,DOWNTREND,6,DOWNTREND,TP,67499.3267,2026-03-22T21:15:00+00:00,4.601,4.61,10023.5,90.0
SELL,67965.5,68300.5138,67462.9794,1.5,bearish_pinbar,2026-03-23T00:25:00+00:00,DOWNTREND,3,DOWNTREND,TP,67462.9794,2026-03-23T00:40:00+00:00,3.697,3.71,10027.2,15.0
SELL,71408.3,71746.2207,70901.4189,1.5,bearish_engulfing,2026-03-23T15:05:00+00:00,VOLATILE_RANGE,3,VOLATILE_RANGE,TP,70901.4189,2026-03-23T15:20:00+00:00,3.549,3.56,10030.76,15.0
SELL,70755.1,71088.0877,70255.6184,1.5,bearish_pinbar,2026-03-23T15:35:00+00:00,VOLATILE_RANGE,3,VOLATILE_RANGE,TP,70255.6184,2026-03-23T15:55:00+00:00,3.53,3.54,10034.3,20.0
BUY,70440.0,70167.7,70848.45,1.5,bullish_engulfing,2026-03-23T16:40:00+00:00,VOLATILE_RANGE,3,VOLATILE_RANGE,TP,70848.45,2026-03-23T17:30:00+00:00,2.899,2.91,10037.21,50.0
BUY,70170.5,70017.559,70445.575,1.8,setup_E_bb_mean_reversion,2026-03-24T05:00:00+00:00,SIDEWAY,4,SIDEWAY,TP,70445.575,2026-03-24T06:30:00+00:00,1.96,1.97,10039.18,90.0
SELL,70759.1,70921.2182,70374.065,2.38,setup_E_bb_mean_reversion,2026-03-24T07:05:00+00:00,SIDEWAY,4,SIDEWAY,SL,70921.2182,2026-03-24T07:15:00+00:00,-1.146,-1.15,10038.03,10.0
SELL,70894.8,71141.7896,70467.895,1.73,setup_E_bb_mean_reversion,2026-03-24T07:20:00+00:00,SIDEWAY,4,SIDEWAY,SL,71141.7896,2026-03-24T07:55:00+00:00,-1.742,-1.75,10036.28,35.0
BUY,70578.8,70431.4424,70954.045,2.55,setup_E_bb_mean_reversion,2026-03-24T13:15:00+00:00,SIDEWAY,4,SIDEWAY,SL,70431.4424,2026-03-24T13:35:00+00:00,-1.044,-1.05,10035.23,20.0
BUY,70284.6,70051.8308,70805.505,2.24,setup_E_bb_mean_reversion,2026-03-24T13:40:00+00:00,SIDEWAY,4,SIDEWAY,SL,70051.8308,2026-03-24T13:50:00+00:00,-1.656,-1.66,10033.57,10.0
SELL,69562.6,69805.3065,69198.5403,1.5,bearish_engulfing,2026-03-24T19:20:00+00:00,VOLATILE_RANGE,3,VOLATILE_RANGE,SL,69805.3065,2026-03-24T20:20:00+00:00,-1.745,-1.75,10031.82,60.0
SELL,70037.2,70308.193,69630.7105,1.5,bearish_pinbar,2026-03-24T21:30:00+00:00,VOLATILE_RANGE,4,VOLATILE_RANGE,SL,70308.193,2026-03-24T21:40:00+00:00,-1.935,-1.94,10029.88,10.0
BUY,70253.7,69995.3657,70641.2014,1.5,bullish_pinbar,2026-03-24T21:50:00+00:00,VOLATILE_RANGE,3,VOLATILE_RANGE,TP,70641.2014,2026-03-24T23:20:00+00:00,2.758,2.77,10032.65,90.0
BUY,70621.6,70348.446,71031.331,1.5,bullish_pinbar,2026-03-24T23:45:00+00:00,VOLATILE_RANGE,3,VOLATILE_RANGE,TP,71031.331,2026-03-25T05:05:00+00:00,2.901,2.91,10035.56,320.0
SELL,71209.6,71462.3192,70815.61,1.56,setup_E_bb_mean_reversion,2026-03-25T05:10:00+00:00,SIDEWAY,4,SIDEWAY,TP,70815.61,2026-03-25T08:05:00+00:00,2.766,2.78,10038.33,175.0
SELL,71658.2,71803.3164,71387.97,1.86,setup_E_bb_mean_reversion,2026-03-25T11:15:00+00:00,SIDEWAY,4,SIDEWAY,SL,71803.3164,2026-03-25T11:25:00+00:00,-1.013,-1.02,10037.32,10.0
BUY,70891.2,70709.3176,71419.195,2.9,setup_E_bb_mean_reversion,2026-03-25T15:05:00+00:00,SIDEWAY,4,SIDEWAY,SL,70709.3176,2026-03-25T15:10:00+00:00,-1.283,-1.29,10036.03,5.0
BUY,70873.1,70631.2172,71235.9241,1.5,bullish_engulfing,2026-03-25T18:45:00+00:00,VOLATILE_RANGE,4,VOLATILE_RANGE,SL,70631.2172,2026-03-25T18:55:00+00:00,-1.706,-1.71,10034.32,10.0
BUY,70904.8,70730.9904,71213.41,1.78,setup_E_bb_mean_reversion,2026-03-26T02:15:00+00:00,SIDEWAY,4,SIDEWAY,SL,70730.9904,2026-03-26T02:30:00+00:00,-1.226,-1.23,10033.09,15.0
BUY,70278.9,70112.4422,70670.415,2.35,setup_E_bb_mean_reversion,2026-03-26T05:40:00+00:00,SIDEWAY,4,SIDEWAY,SL,70112.4422,2026-03-26T05:50:00+00:00,-1.184,-1.19,10031.9,10.0
BUY,69988.7,69766.2226,70578.85,2.65,setup_E_bb_mean_reversion,2026-03-26T05:55:00+00:00,SIDEWAY,4,SIDEWAY,SL,69766.2226,2026-03-26T07:30:00+00:00,-1.589,-1.59,10030.3,95.0
BUY,69428.0,69261.244,69904.31,2.86,setup_E_bb_mean_reversion,2026-03-26T09:30:00+00:00,SIDEWAY,4,SIDEWAY,SL,69261.244,2026-03-26T11:25:00+00:00,-1.201,-1.2,10029.1,115.0
BUY,68922.1,68668.9558,69478.33,2.2,setup_E_bb_mean_reversion,2026-03-26T15:10:00+00:00,SIDEWAY,4,SIDEWAY,SL,68668.9558,2026-03-26T15:15:00+00:00,-1.836,-1.84,10027.26,5.0
BUY,68683.0,68526.734,68942.45,1.66,setup_E_bb_mean_reversion,2026-03-26T17:45:00+00:00,SIDEWAY,4,SIDEWAY,SL,68526.734,2026-03-26T17:55:00+00:00,-1.138,-1.14,10026.12,10.0
BUY,69133.6,68869.566,69529.651,1.5,bullish_pinbar,2026-03-26T20:40:00+00:00,VOLATILE_RANGE,3,VOLATILE_RANGE,SL,68869.566,2026-03-26T21:00:00+00:00,-1.91,-1.91,10024.2,20.0
BUY,68296.0,68120.608,68776.475,2.74,setup_E_bb_mean_reversion,2026-03-27T04:05:00+00:00,SIDEWAY,4,SIDEWAY,TP,68776.475,2026-03-27T05:10:00+00:00,3.518,3.53,10027.73,65.0
BUY,68200.9,68044.5982,68590.005,2.49,setup_E_bb_mean_reversion,2026-03-27T08:25:00+00:00,SIDEWAY,4,SIDEWAY,SL,68044.5982,2026-03-27T08:35:00+00:00,-1.146,-1.15,10026.58,10.0
BUY,67780.5,67441.539,68473.42,2.04,setup_E_bb_mean_reversion,2026-03-27T08:40:00+00:00,SIDEWAY,4,SIDEWAY,SL,67441.539,2026-03-27T10:35:00+00:00,-2.5,-2.51,10024.07,115.0
SELL,66707.1,66927.7677,66376.0984,1.5,bearish_engulfing,2026-03-27T11:50:00+00:00,DOWNTREND,3,DOWNTREND,TP,66376.0984,2026-03-27T13:30:00+00:00,2.481,2.49,10026.56,100.0
SELL,65943.5,66222.8587,65524.4619,1.5,bearish_pinbar,2026-03-27T14:50:00+00:00,DOWNTREND,4,DOWNTREND,SL,66222.8587,2026-03-27T15:00:00+00:00,-2.118,-2.12,10024.44,10.0
SELL,65618.0,65875.845,65231.2325,1.5,bearish_pinbar,2026-03-27T17:45:00+00:00,DOWNTREND,4,DOWNTREND,SL,65875.845,2026-03-27T18:50:00+00:00,-1.965,-1.97,10022.47,65.0
SELL,66427.0,66621.5675,66135.1487,1.5,bearish_engulfing,2026-03-28T06:25:00+00:00,DOWNTREND,3,DOWNTREND,TP,66135.1487,2026-03-28T10:25:00+00:00,2.197,2.2,10024.67,240.0
SELL,66735.9,66991.9398,66351.8404,1.5,bearish_engulfing,2026-03-28T21:45:00+00:00,DOWNTREND,6,DOWNTREND,TP,66351.8404,2026-03-28T23:10:00+00:00,2.877,2.88,10027.55,85.0
SELL,65995.6,66515.389,65215.9165,1.5,bearish_pinbar,2026-03-29T23:00:00+00:00,DOWNTREND,3,DOWNTREND,SL,66515.389,2026-03-30T00:15:00+00:00,-3.938,-3.95,10023.6,75.0
SELL,67139.8,67367.7495,66797.8758,1.5,bearish_engulfing,2026-03-30T03:55:00+00:00,VOLATILE_RANGE,3,DOWNTREND,SL,67367.7495,2026-03-30T04:05:00+00:00,-1.698,-1.7,10021.9,10.0
SELL,67750.1,67902.7002,67353.3,2.6,setup_E_bb_mean_reversion,2026-03-30T08:00:00+00:00,SIDEWAY,4,SIDEWAY,SL,67902.7002,2026-03-30T08:35:00+00:00,-1.126,-1.13,10020.77,35.0
BUY,67099.9,66929.7002,67608.94,2.99,setup_E_bb_mean_reversion,2026-03-30T14:40:00+00:00,SIDEWAY,4,SIDEWAY,TP,67608.94,2026-03-30T14:55:00+00:00,3.793,3.8,10024.57,15.0
SELL,67222.3,67410.4446,66727.255,2.63,setup_E_bb_mean_reversion,2026-03-31T00:45:00+00:00,SIDEWAY,4,SIDEWAY,SL,67410.4446,2026-03-31T01:20:00+00:00,-1.399,-1.4,10023.17,35.0
SELL,67870.0,68135.675,67471.4875,1.5,bearish_pinbar,2026-03-31T02:35:00+00:00,VOLATILE_RANGE,3,VOLATILE_RANGE,TP,67471.4875,2026-03-31T04:25:00+00:00,2.936,2.94,10026.11,110.0
BUY,67014.7,66870.9706,67291.755,1.93,setup_E_bb_mean_reversion,2026-03-31T08:35:00+00:00,SIDEWAY,4,SIDEWAY,SL,66870.9706,2026-03-31T08:40:00+00:00,-1.072,-1.08,10025.04,5.0
BUY,66745.1,66601.5098,67197.065,3.15,setup_E_bb_mean_reversion,2026-03-31T08:55:00+00:00,SIDEWAY,4,SIDEWAY,SL,66601.5098,2026-03-31T09:10:00+00:00,-1.076,-1.08,10023.96,15.0
BUY,66391.2,66147.222,66757.167,1.5,bullish_engulfing,2026-03-31T10:20:00+00:00,VOLATILE_RANGE,3,VOLATILE_RANGE,TP,66757.167,2026-03-31T11:15:00+00:00,2.756,2.76,10026.72,55.0
BUY,66858.0,66524.755,67357.8675,1.5,bullish_engulfing,2026-03-31T13:30:00+00:00,VOLATILE_RANGE,5,VOLATILE_RANGE,TP,67357.8675,2026-03-31T13:50:00+00:00,3.738,3.75,10030.47,20.0
SELL,67144.6,67452.4615,66682.8078,1.5,bearish_engulfing,2026-03-31T14:05:00+00:00,VOLATILE_RANGE,6,VOLATILE_RANGE,SL,67452.4615,2026-03-31T14:15:00+00:00,-2.293,-2.3,10028.17,10.0
BUY,66893.2,66561.667,67390.4995,1.5,bullish_pinbar,2026-03-31T16:10:00+00:00,VOLATILE_RANGE,3,VOLATILE_RANGE,TP,67390.4995,2026-03-31T16:35:00+00:00,3.717,3.73,10031.9,25.0
BUY,67623.8,67389.6405,67975.0393,1.5,bullish_pinbar,2026-04-01T02:55:00+00:00,VOLATILE_RANGE,3,VOLATILE_RANGE,TP,67975.0393,2026-04-01T03:05:00+00:00,2.597,2.61,10034.5,10.0
SELL,68418.2,68655.9455,68061.5818,1.5,bearish_engulfing,2026-04-01T05:55:00+00:00,VOLATILE_RANGE,3,VOLATILE_RANGE,SL,68655.9455,2026-04-01T06:10:00+00:00,-1.737,-1.74,10032.76,15.0
SELL,68494.3,68631.3886,68161.815,2.43,setup_E_bb_mean_reversion,2026-04-02T00:40:00+00:00,SIDEWAY,4,SIDEWAY,SL,68631.3886,2026-04-02T00:55:00+00:00,-1.001,-1.0,10031.76,15.0
BUY,66255.2,66006.162,66628.757,1.5,bullish_pinbar,2026-04-02T04:40:00+00:00,VOLATILE_RANGE,3,VOLATILE_RANGE,TP,66628.757,2026-04-02T05:55:00+00:00,2.819,2.83,10034.59,75.0
SELL,66825.4,67160.5508,66140.76,2.04,setup_E_bb_mean_reversion,2026-04-02T14:35:00+00:00,SIDEWAY,4,SIDEWAY,SL,67160.5508,2026-04-02T16:35:00+00:00,-2.508,-2.52,10032.07,120.0
BUY,66484.6,66317.0308,66783.895,1.79,setup_E_bb_mean_reversion,2026-04-03T01:35:00+00:00,SIDEWAY,3,SIDEWAY,SL,66317.0308,2026-04-03T02:30:00+00:00,-1.26,-1.26,10030.8,55.0
BUY,66267.3,66131.5654,66600.705,2.46,setup_E_bb_mean_reversion,2026-04-03T02:35:00+00:00,SIDEWAY,4,SIDEWAY,TP,66600.705,2026-04-03T03:10:00+00:00,2.516,2.52,10033.33,35.0
SELL,66913.2,67050.2264,66688.905,1.64,setup_E_bb_mean_reversion,2026-04-03T07:25:00+00:00,SIDEWAY,3,SIDEWAY,SL,67050.2264,2026-04-03T07:30:00+00:00,-1.024,-1.03,10032.3,5.0
SELL,67240.6,67392.4812,66879.78,2.38,setup_E_bb_mean_reversion,2026-04-03T08:05:00+00:00,SIDEWAY,4,SIDEWAY,TP,66879.78,2026-04-03T08:40:00+00:00,2.683,2.69,10034.99,35.0
